-- phpMyAdmin SQL Dump
-- version 5.0.2
-- https://www.phpmyadmin.net/
--
-- Host: 127.0.0.1:3306
-- Tempo de geração: 29-Dez-2021 às 15:07
-- Versão do servidor: 5.7.31
-- versão do PHP: 7.3.21

SET SQL_MODE = "NO_AUTO_VALUE_ON_ZERO";
START TRANSACTION;
SET time_zone = "+00:00";


/*!40101 SET @OLD_CHARACTER_SET_CLIENT=@@CHARACTER_SET_CLIENT */;
/*!40101 SET @OLD_CHARACTER_SET_RESULTS=@@CHARACTER_SET_RESULTS */;
/*!40101 SET @OLD_COLLATION_CONNECTION=@@COLLATION_CONNECTION */;
/*!40101 SET NAMES utf8mb4 */;

--
-- Banco de dados: `projeto_final`
--

-- --------------------------------------------------------

--
-- Estrutura da tabela `area_estudo`
--

DROP TABLE IF EXISTS `area_estudo`;
CREATE TABLE IF NOT EXISTS `area_estudo` (
  `ID` int(11) NOT NULL,
  `nome` varchar(75) NOT NULL,
  PRIMARY KEY (`ID`)
) ENGINE=InnoDB DEFAULT CHARSET=utf8mb4;

--
-- Extraindo dados da tabela `area_estudo`
--

INSERT INTO `area_estudo` (`ID`, `nome`) VALUES
(14, 'Formação de Professores/Formadores e Ciências da Educação'),
(21, 'Artes'),
(22, 'Humanidades'),
(31, 'Ciências Sociais e do Comportamento'),
(32, 'Informação e Jornalismo'),
(34, 'Ciências Empresariais'),
(38, 'Direito'),
(42, 'Ciências da Vida'),
(44, 'Ciências Físicas'),
(46, 'Matemática e Estatística'),
(48, 'Informática'),
(52, 'Engenharia e Técnicas Afins'),
(54, 'Indústrias Transformadoras'),
(58, 'Arquitetura e Construção'),
(62, 'Agricultura, Silvicultura e Pescas'),
(64, 'Ciências Veterinárias'),
(72, 'Saúde'),
(76, 'Serviços Sociais'),
(81, 'Serviços Pessoais'),
(84, 'Serviços de Transporte'),
(85, 'Proteção do Ambiente'),
(86, 'Serviços de Segurança'),
(99, 'Desconhecido ou não especificado');

-- --------------------------------------------------------

--
-- Estrutura da tabela `cidades`
--

DROP TABLE IF EXISTS `cidades`;
CREATE TABLE IF NOT EXISTS `cidades` (
  `nome` varchar(64) NOT NULL,
  `distritos_ID` int(2) NOT NULL,
  `qualidade` varchar(45) DEFAULT NULL,
  PRIMARY KEY (`nome`),
  KEY `fk_cidades_distritos1_idx` (`distritos_ID`)
) ENGINE=InnoDB DEFAULT CHARSET=utf8;

--
-- Extraindo dados da tabela `cidades`
--

INSERT INTO `cidades` (`nome`, `distritos_ID`, `qualidade`) VALUES
('Abrantes', 18, 'N/A'),
('Águeda', 2, 'N/A'),
('Aguiar da Beira', 11, 'N/A'),
('Alandroal', 8, 'N/A'),
('Albergaria-A-Velha', 2, 'N/A'),
('Albufeira', 9, 'N/A'),
('Alcabideche', 14, NULL),
('Alcácer do Sal', 19, 'N/A'),
('Alcanena', 18, 'N/A'),
('Alcobaça', 13, 'N/A'),
('Alcochete', 19, 'N/A'),
('Alcoutim', 9, 'N/A'),
('Alenquer', 14, 'N/A'),
('Alfândega da Fé', 5, 'N/A'),
('Algés', 14, NULL),
('Alijó', 21, 'N/A'),
('Aljezur', 9, 'N/A'),
('Aljustrel', 3, 'N/A'),
('Almada', 19, 'N/A'),
('Almeida', 11, 'N/A'),
('Almeirim', 18, 'N/A'),
('Almodôvar', 3, 'N/A'),
('Alpiarça', 18, 'N/A'),
('Alter do Chão', 16, 'N/A'),
('Alvaiázere', 13, 'N/A'),
('Alvito', 3, 'N/A'),
('Amadora', 14, 'N/A'),
('Amarante', 17, 'N/A'),
('Amares', 4, 'N/A'),
('Anadia', 2, 'N/A'),
('Angra do Heroísmo', 23, 'N/A'),
('Ansião', 13, 'N/A'),
('Arcos de Valdevez', 20, 'N/A'),
('Arganil', 7, 'N/A'),
('Armamar', 22, 'N/A'),
('Arouca', 2, 'N/A'),
('Arraiolos', 8, 'N/A'),
('Arronches', 16, 'N/A'),
('Arruda Dos Vinhos', 14, 'N/A'),
('Aveiro', 2, 'N/A'),
('Avis', 16, 'N/A'),
('Azambuja', 14, 'N/A'),
('Baçal', 5, NULL),
('Baião', 17, 'N/A'),
('Barcelos', 4, 'N/A'),
('Barrancos', 3, 'N/A'),
('Barreiro', 19, 'N/A'),
('Batalha', 13, 'N/A'),
('Beja', 3, 'N/A'),
('Belmonte', 6, 'N/A'),
('Benavente', 18, 'N/A'),
('Bombarral', 13, 'N/A'),
('Borba', 8, 'N/A'),
('Boticas', 21, 'N/A'),
('Braga', 4, 'N/A'),
('Bragança', 5, 'N/A'),
('Cabeceiras de Basto', 4, 'N/A'),
('Cadaval', 14, 'N/A'),
('Caldas da Rainha', 13, 'N/A'),
('Calheta', 10, 'N/A'),
('Calheta de São Jorge', 23, 'N/A'),
('Câmara de Lobos', 10, 'N/A'),
('Caminha', 20, 'N/A'),
('Campo Maior', 16, 'N/A'),
('Cantanhede', 7, 'N/A'),
('Caparica', 19, NULL),
('Carrazeda de Ansiães', 5, 'N/A'),
('Carregal do Sal', 22, 'N/A'),
('Cartaxo', 18, 'N/A'),
('Cascais', 14, 'N/A'),
('Castanheira de Pêra', 13, 'N/A'),
('Castelo Branco', 6, 'N/A'),
('Castelo de Paiva', 2, 'N/A'),
('Castelo de Vide', 16, 'N/A'),
('Castro Daire', 22, 'N/A'),
('Castro Marim', 9, 'N/A'),
('Castro Verde', 3, 'N/A'),
('Celorico da Beira', 11, 'N/A'),
('Celorico de Basto', 4, 'N/A'),
('Chamusca', 18, 'N/A'),
('Chaves', 21, 'N/A'),
('Cinfães', 22, 'N/A'),
('Coimbra', 7, 'N/A'),
('Condeixa-A-Nova', 7, 'N/A'),
('Constância', 18, 'N/A'),
('Coruche', 18, 'N/A'),
('Corvo', 23, 'N/A'),
('Covilhã', 6, 'N/A'),
('Crato', 16, 'N/A'),
('Cuba', 3, 'N/A'),
('Elvas', 16, 'N/A'),
('Entroncamento', 18, 'N/A'),
('Espinho', 2, 'N/A'),
('Esposende', 4, 'N/A'),
('Estarreja', 2, 'N/A'),
('Estremoz', 8, 'N/A'),
('Évora', 8, 'N/A'),
('Fafe', 4, 'N/A'),
('Faro', 9, 'N/A'),
('Felgueiras', 17, 'N/A'),
('Ferreira do Alentejo', 3, 'N/A'),
('Ferreira do Zêzere', 18, 'N/A'),
('Figueira da Foz', 7, 'N/A'),
('Figueira de Castelo Rodrigo', 11, 'N/A'),
('Figueiró Dos Vinhos', 13, 'N/A'),
('Fornos de Algodres', 11, 'N/A'),
('Freixo de Espada À Cinta', 5, 'N/A'),
('Fronteira', 16, 'N/A'),
('Funchal', 10, 'N/A'),
('Fundão', 6, 'N/A'),
('Gavião', 16, 'N/A'),
('Góis', 7, 'N/A'),
('Golegã', 18, 'N/A'),
('Gondomar', 17, 'N/A'),
('Gouveia', 11, 'N/A'),
('Grândola', 19, 'N/A'),
('Guarda', 11, 'N/A'),
('Guimarães', 4, 'N/A'),
('Horta', 23, 'N/A'),
('Idanha-A-Nova', 6, 'N/A'),
('Ílhavo', 2, 'N/A'),
('Lagoa', 9, 'N/A'),
('Lagos', 9, 'N/A'),
('Lajes Das Flores', 23, 'N/A'),
('Lajes do Pico', 23, 'N/A'),
('Lamego', 22, 'N/A'),
('Lavradio', 19, NULL),
('Leiria', 13, 'N/A'),
('Lisboa', 14, 'N/A'),
('Loulé', 9, 'N/A'),
('Loures', 14, 'N/A'),
('Lourinhã', 14, 'N/A'),
('Lousã', 7, 'N/A'),
('Lousada', 17, 'N/A'),
('Mação', 18, 'N/A'),
('Macedo de Cavaleiros', 5, 'N/A'),
('Machico', 10, 'N/A'),
('Madalena', 23, 'N/A'),
('Mafra', 14, 'N/A'),
('Maia', 17, 'N/A'),
('Mangualde', 22, 'N/A'),
('Manteigas', 11, 'N/A'),
('Marco de Canaveses', 17, 'N/A'),
('Marinha Grande', 13, 'N/A'),
('Marvão', 16, 'N/A'),
('Matosinhos', 17, 'N/A'),
('Mealhada', 2, 'N/A'),
('Mêda', 11, 'N/A'),
('Melgaço', 20, 'N/A'),
('Mértola', 3, 'N/A'),
('Mesão Frio', 21, 'N/A'),
('Mira', 7, 'N/A'),
('Miranda do Corvo', 7, 'N/A'),
('Miranda do Douro', 5, 'N/A'),
('Mirandela', 5, 'N/A'),
('Mogadouro', 5, 'N/A'),
('Moimenta da Beira', 22, 'N/A'),
('Moita', 19, 'N/A'),
('Monção', 20, 'N/A'),
('Monchique', 9, 'N/A'),
('Mondim de Basto', 21, 'N/A'),
('Monforte', 16, 'N/A'),
('Montalegre', 21, 'N/A'),
('Montemor-O-Novo', 8, 'N/A'),
('Montemor-O-Velho', 7, 'N/A'),
('Montijo', 19, 'N/A'),
('Mora', 8, 'N/A'),
('Mortágua', 22, 'N/A'),
('Moura', 3, 'N/A'),
('Mourão', 8, 'N/A'),
('Murça', 21, 'N/A'),
('Murtosa', 2, 'N/A'),
('Nazaré', 13, 'N/A'),
('Nelas', 22, 'N/A'),
('Nisa', 16, 'N/A'),
('Nordeste', 23, 'N/A'),
('Óbidos', 13, 'N/A'),
('Odemira', 3, 'N/A'),
('Odivelas', 14, 'N/A'),
('Oeiras', 14, 'N/A'),
('Oleiros', 6, 'N/A'),
('Olhão', 9, 'N/A'),
('Oliveira de Azeméis', 2, 'N/A'),
('Oliveira de Frades', 22, 'N/A'),
('Oliveira do Bairro', 2, 'N/A'),
('Oliveira do Hospital', 7, 'N/A'),
('Ourém', 18, 'N/A'),
('Ourique', 3, 'N/A'),
('Ovar', 2, 'N/A'),
('Paços de Ferreira', 17, 'N/A'),
('Palmela', 19, 'N/A'),
('Pampilhosa da Serra', 7, 'N/A'),
('Paredes', 17, 'N/A'),
('Paredes de Coura', 20, 'N/A'),
('Pedrógão Grande', 13, 'N/A'),
('Penacova', 7, 'N/A'),
('Penafiel', 17, 'N/A'),
('Penalva do Castelo', 22, 'N/A'),
('Penamacor', 6, 'N/A'),
('Penedono', 22, 'N/A'),
('Penela', 7, 'N/A'),
('Peniche', 13, 'N/A'),
('Pernes', 18, NULL),
('Peso da Régua', 21, 'N/A'),
('Pinhel', 11, 'N/A'),
('Pombal', 13, 'N/A'),
('Ponta Delgada', 23, 'N/A'),
('Ponta do Sol', 10, 'N/A'),
('Ponte da Barca', 20, 'N/A'),
('Ponte de Lima', 20, 'N/A'),
('Ponte de Sor', 16, 'N/A'),
('Portalegre', 16, 'N/A'),
('Portel', 8, 'N/A'),
('Portimão', 9, 'N/A'),
('Porto', 17, 'N/A'),
('Porto de Mós', 13, 'N/A'),
('Porto Moniz', 10, 'N/A'),
('Porto Santo', 10, 'N/A'),
('Póvoa de Lanhoso', 4, 'N/A'),
('Póvoa de Varzim', 17, 'N/A'),
('Povoação', 23, 'N/A'),
('Praia da Vitória', 23, 'N/A'),
('Proença-A-Nova', 6, 'N/A'),
('Redondo', 8, 'N/A'),
('Reguengos de Monsaraz', 8, 'N/A'),
('Resende', 22, 'N/A'),
('Ribeira Brava', 10, 'N/A'),
('Ribeira de Pena', 21, 'N/A'),
('Ribeira Grande', 23, 'N/A'),
('Rio Maior', 18, 'N/A'),
('Sabrosa', 21, 'N/A'),
('Sabugal', 11, 'N/A'),
('Salvaterra de Magos', 18, 'N/A'),
('Santa Comba Dão', 22, 'N/A'),
('Santa Cruz', 10, 'N/A'),
('Santa Cruz da Graciosa', 23, 'N/A'),
('Santa Cruz Das Flores', 23, 'N/A'),
('Santa Maria da Feira', 2, 'N/A'),
('Santa Marta de Penaguião', 21, 'N/A'),
('Santana', 10, 'N/A'),
('Santarém', 18, 'N/A'),
('Santiago do Cacém', 19, 'N/A'),
('Santo Tirso', 17, 'N/A'),
('São Brás de Alportel', 9, 'N/A'),
('São João da Madeira', 2, 'N/A'),
('São João da Pesqueira', 22, 'N/A'),
('São Pedro do Sul', 22, 'N/A'),
('São Roque do Pico', 23, 'N/A'),
('São Vicente', 10, 'N/A'),
('Sardoal', 18, 'N/A'),
('Sátão', 22, 'N/A'),
('Seia', 11, 'N/A'),
('Seixal', 19, 'N/A'),
('Sernancelhe', 22, 'N/A'),
('Serpa', 3, 'N/A'),
('Sertã', 6, 'N/A'),
('Sesimbra', 19, 'N/A'),
('Setúbal', 19, 'N/A'),
('Sever do Vouga', 2, 'N/A'),
('Silves', 9, 'N/A'),
('Sines', 19, 'N/A'),
('Sintra', 14, 'N/A'),
('Sobral de Monte Agraço', 14, 'N/A'),
('Soure', 7, 'N/A'),
('Sousel', 16, 'N/A'),
('Tábua', 7, 'N/A'),
('Tabuaço', 22, 'N/A'),
('Tarouca', 22, 'N/A'),
('Tavira', 9, 'N/A'),
('Terras de Bouro', 4, 'N/A'),
('Tomar', 18, 'N/A'),
('Tondela', 22, 'N/A'),
('Torre de Moncorvo', 5, 'N/A'),
('Torres Novas', 18, 'N/A'),
('Torres Vedras', 14, 'N/A'),
('Trancoso', 11, 'N/A'),
('Trofa', 17, 'N/A'),
('Vagos', 2, 'N/A'),
('Vale de Cambra', 2, 'N/A'),
('Valença', 20, 'N/A'),
('Valongo', 17, 'N/A'),
('Valpaços', 21, 'N/A'),
('Velas', 23, 'N/A'),
('Vendas Novas', 8, 'N/A'),
('Viana do Alentejo', 8, 'N/A'),
('Viana do Castelo', 20, 'N/A'),
('Vidigueira', 3, 'N/A'),
('Vieira do Minho', 4, 'N/A'),
('Vila de Rei', 6, 'N/A'),
('Vila do Bispo', 9, 'N/A'),
('Vila do Conde', 17, 'N/A'),
('Vila do Porto', 23, 'N/A'),
('Vila Flor', 5, 'N/A'),
('Vila Franca de Xira', 14, 'N/A'),
('Vila Franca do Campo', 23, 'N/A'),
('Vila Nova da Barquinha', 18, 'N/A'),
('Vila Nova de Cerveira', 20, 'N/A'),
('Vila Nova de Famalicão', 4, 'N/A'),
('Vila Nova de Foz Côa', 11, 'N/A'),
('Vila Nova de Gaia', 17, 'N/A'),
('Vila Nova de Paiva', 22, 'N/A'),
('Vila Nova de Poiares', 7, 'N/A'),
('Vila Pouca de Aguiar', 21, 'N/A'),
('Vila Real', 21, 'N/A'),
('Vila Real de Santo António', 9, 'N/A'),
('Vila Velha de Ródão', 6, 'N/A'),
('Vila Verde', 4, 'N/A'),
('Vila Viçosa', 8, 'N/A'),
('Vimioso', 5, 'N/A'),
('Vinhais', 5, 'N/A'),
('Viseu', 22, 'N/A'),
('Vizela', 4, 'N/A'),
('Vouzela', 22, 'N/A');

-- --------------------------------------------------------

--
-- Estrutura da tabela `codigos_postais`
--

DROP TABLE IF EXISTS `codigos_postais`;
CREATE TABLE IF NOT EXISTS `codigos_postais` (
  `cod_postal` int(4) NOT NULL,
  `cidades_nome` varchar(64) NOT NULL,
  PRIMARY KEY (`cod_postal`,`cidades_nome`),
  KEY `fk_codigos_postais_cidades1_idx` (`cidades_nome`)
) ENGINE=InnoDB DEFAULT CHARSET=utf8;

--
-- Extraindo dados da tabela `codigos_postais`
--

INSERT INTO `codigos_postais` (`cod_postal`, `cidades_nome`) VALUES
(2200, 'Abrantes'),
(2205, 'Abrantes'),
(2230, 'Abrantes'),
(3750, 'Águeda'),
(3570, 'Aguiar da Beira'),
(7200, 'Alandroal'),
(7250, 'Alandroal'),
(3850, 'Albergaria-A-Velha'),
(8200, 'Albufeira'),
(2649, 'Alcabideche'),
(7580, 'Alcácer do Sal'),
(7595, 'Alcácer do Sal'),
(2380, 'Alcanena'),
(2395, 'Alcanena'),
(2445, 'Alcobaça'),
(2460, 'Alcobaça'),
(2475, 'Alcobaça'),
(2890, 'Alcochete'),
(8970, 'Alcoutim'),
(2580, 'Alenquer'),
(5350, 'Alfândega da Fé'),
(1499, 'Algés'),
(5070, 'Alijó'),
(5085, 'Alijó'),
(8670, 'Aljezur'),
(7600, 'Aljustrel'),
(2800, 'Almada'),
(2805, 'Almada'),
(2809, 'Almada'),
(2810, 'Almada'),
(2815, 'Almada'),
(2820, 'Almada'),
(2825, 'Almada'),
(6350, 'Almeida'),
(6355, 'Almeida'),
(2080, 'Almeirim'),
(7700, 'Almodôvar'),
(2090, 'Alpiarça'),
(7440, 'Alter do Chão'),
(3250, 'Alvaiázere'),
(3260, 'Alvaiázere'),
(7920, 'Alvito'),
(2610, 'Amadora'),
(2700, 'Amadora'),
(7002, 'Amadora'),
(4600, 'Amarante'),
(4605, 'Amarante'),
(4615, 'Amarante'),
(4720, 'Amares'),
(3780, 'Anadia'),
(9700, 'Angra do Heroísmo'),
(3240, 'Ansião'),
(4970, 'Arcos de Valdevez'),
(3300, 'Arganil'),
(3305, 'Arganil'),
(6285, 'Arganil'),
(5110, 'Armamar'),
(4540, 'Arouca'),
(7040, 'Arraiolos'),
(7340, 'Arronches'),
(2630, 'Arruda Dos Vinhos'),
(3800, 'Aveiro'),
(3810, 'Aveiro'),
(3811, 'Aveiro'),
(7480, 'Avis'),
(2050, 'Azambuja'),
(2065, 'Azambuja'),
(5300, 'Baçal'),
(4640, 'Baião'),
(5040, 'Baião'),
(4740, 'Barcelos'),
(4750, 'Barcelos'),
(4755, 'Barcelos'),
(4775, 'Barcelos'),
(4905, 'Barcelos'),
(7230, 'Barrancos'),
(2830, 'Barreiro'),
(2835, 'Barreiro'),
(2440, 'Batalha'),
(2495, 'Batalha'),
(7800, 'Beja'),
(6250, 'Belmonte'),
(2120, 'Benavente'),
(2130, 'Benavente'),
(2135, 'Benavente'),
(2890, 'Benavente'),
(2540, 'Bombarral'),
(7150, 'Borba'),
(5460, 'Boticas'),
(4700, 'Braga'),
(4704, 'Braga'),
(4705, 'Braga'),
(4710, 'Braga'),
(4715, 'Braga'),
(5301, 'Bragança'),
(4860, 'Cabeceiras de Basto'),
(2550, 'Cadaval'),
(2500, 'Caldas da Rainha'),
(9370, 'Calheta'),
(9385, 'Calheta'),
(9850, 'Calheta de São Jorge'),
(9875, 'Calheta de São Jorge'),
(9030, 'Câmara de Lobos'),
(9300, 'Câmara de Lobos'),
(9325, 'Câmara de Lobos'),
(4910, 'Caminha'),
(7370, 'Campo Maior'),
(3060, 'Cantanhede'),
(2829, 'Caparica'),
(5140, 'Carrazeda de Ansiães'),
(3430, 'Carregal do Sal'),
(2070, 'Cartaxo'),
(2645, 'Cascais'),
(2750, 'Cascais'),
(2755, 'Cascais'),
(2765, 'Cascais'),
(2775, 'Cascais'),
(2785, 'Cascais'),
(3280, 'Castanheira de Pêra'),
(6000, 'Castelo Branco'),
(6001, 'Castelo Branco'),
(6005, 'Castelo Branco'),
(4550, 'Castelo de Paiva'),
(7320, 'Castelo de Vide'),
(3600, 'Castro Daire'),
(8950, 'Castro Marim'),
(7780, 'Castro Verde'),
(6360, 'Celorico da Beira'),
(4615, 'Celorico de Basto'),
(4820, 'Celorico de Basto'),
(4890, 'Celorico de Basto'),
(2140, 'Chamusca'),
(5400, 'Chaves'),
(5425, 'Chaves'),
(4690, 'Cinfães'),
(3000, 'Coimbra'),
(3001, 'Coimbra'),
(3004, 'Coimbra'),
(3020, 'Coimbra'),
(3025, 'Coimbra'),
(3030, 'Coimbra'),
(3040, 'Coimbra'),
(3045, 'Coimbra'),
(3150, 'Condeixa-A-Nova'),
(2250, 'Constância'),
(2100, 'Coruche'),
(9980, 'Corvo'),
(6200, 'Covilhã'),
(6201, 'Covilhã'),
(6215, 'Covilhã'),
(6225, 'Covilhã'),
(6230, 'Covilhã'),
(7430, 'Crato'),
(7940, 'Cuba'),
(7350, 'Elvas'),
(2330, 'Entroncamento'),
(4500, 'Espinho'),
(4740, 'Esposende'),
(3860, 'Estarreja'),
(3865, 'Estarreja'),
(7100, 'Estremoz'),
(7000, 'Évora'),
(7005, 'Évora'),
(7200, 'Évora'),
(4820, 'Fafe'),
(4824, 'Fafe'),
(8000, 'Faro'),
(8005, 'Faro'),
(8700, 'Faro'),
(4610, 'Felgueiras'),
(4615, 'Felgueiras'),
(4650, 'Felgueiras'),
(4815, 'Felgueiras'),
(7900, 'Ferreira do Alentejo'),
(2240, 'Ferreira do Zêzere'),
(3080, 'Figueira da Foz'),
(3090, 'Figueira da Foz'),
(6440, 'Figueira de Castelo Rodrigo'),
(3260, 'Figueiró Dos Vinhos'),
(6370, 'Fornos de Algodres'),
(5180, 'Freixo de Espada À Cinta'),
(7460, 'Fronteira'),
(9000, 'Funchal'),
(9020, 'Funchal'),
(9050, 'Funchal'),
(6185, 'Fundão'),
(6230, 'Fundão'),
(6040, 'Gavião'),
(3330, 'Góis'),
(2150, 'Golegã'),
(4420, 'Gondomar'),
(4435, 'Gondomar'),
(4510, 'Gondomar'),
(4515, 'Gondomar'),
(6290, 'Gouveia'),
(7570, 'Grândola'),
(6300, 'Guarda'),
(4765, 'Guimarães'),
(4800, 'Guimarães'),
(4805, 'Guimarães'),
(4810, 'Guimarães'),
(4815, 'Guimarães'),
(4835, 'Guimarães'),
(9900, 'Horta'),
(6060, 'Idanha-A-Nova'),
(3830, 'Ílhavo'),
(8400, 'Lagoa'),
(9560, 'Lagoa'),
(8600, 'Lagos'),
(9960, 'Lajes Das Flores'),
(9930, 'Lajes do Pico'),
(5100, 'Lamego'),
(2839, 'Lavradio'),
(2400, 'Leiria'),
(2405, 'Leiria'),
(2410, 'Leiria'),
(2411, 'Leiria'),
(2415, 'Leiria'),
(2420, 'Leiria'),
(2425, 'Leiria'),
(2495, 'Leiria'),
(1049, 'Lisboa'),
(1069, 'Lisboa'),
(1070, 'Lisboa'),
(1099, 'Lisboa'),
(1149, 'Lisboa'),
(1169, 'Lisboa'),
(1200, 'Lisboa'),
(1249, 'Lisboa'),
(1269, 'Lisboa'),
(1300, 'Lisboa'),
(1349, 'Lisboa'),
(1500, 'Lisboa'),
(1549, 'Lisboa'),
(1600, 'Lisboa'),
(1649, 'Lisboa'),
(1700, 'Lisboa'),
(1749, 'Lisboa'),
(1750, 'Lisboa'),
(1950, 'Lisboa'),
(1959, 'Lisboa'),
(1990, 'Lisboa'),
(8100, 'Loulé'),
(8135, 'Loulé'),
(1885, 'Loures'),
(2660, 'Loures'),
(2670, 'Loures'),
(2680, 'Loures'),
(2685, 'Loures'),
(2695, 'Loures'),
(2530, 'Lourinhã'),
(3200, 'Lousã'),
(4620, 'Lousada'),
(6120, 'Mação'),
(5340, 'Macedo de Cavaleiros'),
(9200, 'Machico'),
(9225, 'Machico'),
(9950, 'Madalena'),
(2640, 'Mafra'),
(2655, 'Mafra'),
(2665, 'Mafra'),
(4425, 'Maia'),
(4475, 'Maia'),
(3530, 'Mangualde'),
(6260, 'Manteigas'),
(4575, 'Marco de Canaveses'),
(4625, 'Marco de Canaveses'),
(4630, 'Marco de Canaveses'),
(4635, 'Marco de Canaveses'),
(2430, 'Marinha Grande'),
(2445, 'Marinha Grande'),
(7330, 'Marvão'),
(4450, 'Matosinhos'),
(4455, 'Matosinhos'),
(4460, 'Matosinhos'),
(4465, 'Matosinhos'),
(3020, 'Mealhada'),
(3050, 'Mealhada'),
(6430, 'Mêda'),
(4960, 'Melgaço'),
(7750, 'Mértola'),
(5040, 'Mesão Frio'),
(3070, 'Mira'),
(3220, 'Miranda do Corvo'),
(5210, 'Miranda do Douro'),
(5225, 'Miranda do Douro'),
(5370, 'Mirandela'),
(5385, 'Mirandela'),
(5200, 'Mogadouro'),
(5350, 'Mogadouro'),
(3620, 'Moimenta da Beira'),
(2835, 'Moita'),
(2860, 'Moita'),
(4950, 'Monção'),
(8550, 'Monchique'),
(4880, 'Mondim de Basto'),
(7450, 'Monforte'),
(5470, 'Montalegre'),
(7050, 'Montemor-O-Novo'),
(3140, 'Montemor-O-Velho'),
(2100, 'Montijo'),
(2870, 'Montijo'),
(2985, 'Montijo'),
(7490, 'Mora'),
(3450, 'Mortágua'),
(7860, 'Moura'),
(7875, 'Moura'),
(7885, 'Moura'),
(7240, 'Mourão'),
(5090, 'Murça'),
(3870, 'Murtosa'),
(2450, 'Nazaré'),
(3520, 'Nelas'),
(3525, 'Nelas'),
(6050, 'Nisa'),
(9630, 'Nordeste'),
(2510, 'Óbidos'),
(7630, 'Odemira'),
(7645, 'Odemira'),
(7665, 'Odemira'),
(1675, 'Odivelas'),
(1685, 'Odivelas'),
(2620, 'Odivelas'),
(2675, 'Odivelas'),
(1495, 'Oeiras'),
(2730, 'Oeiras'),
(2740, 'Oeiras'),
(2760, 'Oeiras'),
(2770, 'Oeiras'),
(2780, 'Oeiras'),
(2790, 'Oeiras'),
(2795, 'Oeiras'),
(6160, 'Oleiros'),
(6185, 'Oleiros'),
(8700, 'Olhão'),
(3700, 'Oliveira de Azeméis'),
(3720, 'Oliveira de Azeméis'),
(3475, 'Oliveira de Frades'),
(3680, 'Oliveira de Frades'),
(3770, 'Oliveira do Bairro'),
(3400, 'Oliveira do Hospital'),
(3405, 'Oliveira do Hospital'),
(2435, 'Ourém'),
(2490, 'Ourém'),
(2495, 'Ourém'),
(7670, 'Ourique'),
(3880, 'Ovar'),
(3885, 'Ovar'),
(4590, 'Paços de Ferreira'),
(4595, 'Paços de Ferreira'),
(2950, 'Palmela'),
(2955, 'Palmela'),
(2965, 'Palmela'),
(3320, 'Pampilhosa da Serra'),
(4580, 'Paredes'),
(4585, 'Paredes'),
(4940, 'Paredes de Coura'),
(3270, 'Pedrógão Grande'),
(3360, 'Penacova'),
(4560, 'Penafiel'),
(4575, 'Penafiel'),
(3550, 'Penalva do Castelo'),
(6090, 'Penamacor'),
(6320, 'Penamacor'),
(3630, 'Penedono'),
(3230, 'Penela'),
(2520, 'Peniche'),
(2525, 'Peniche'),
(2001, 'Pernes'),
(5040, 'Peso da Régua'),
(5050, 'Peso da Régua'),
(6400, 'Pinhel'),
(3100, 'Pombal'),
(3105, 'Pombal'),
(9500, 'Ponta Delgada'),
(9501, 'Ponta Delgada'),
(9545, 'Ponta Delgada'),
(9555, 'Ponta Delgada'),
(9360, 'Ponta do Sol'),
(4980, 'Ponte da Barca'),
(4990, 'Ponte de Lima'),
(7400, 'Ponte de Sor'),
(7425, 'Ponte de Sor'),
(7300, 'Portalegre'),
(7301, 'Portalegre'),
(7220, 'Portel'),
(8500, 'Portimão'),
(8501, 'Portimão'),
(4000, 'Porto'),
(4049, 'Porto'),
(4050, 'Porto'),
(4100, 'Porto'),
(4150, 'Porto'),
(4169, 'Porto'),
(4200, 'Porto'),
(4249, 'Porto'),
(4369, 'Porto'),
(2480, 'Porto de Mós'),
(2485, 'Porto de Mós'),
(9270, 'Porto Moniz'),
(9400, 'Porto Santo'),
(4830, 'Póvoa de Lanhoso'),
(4490, 'Póvoa de Varzim'),
(4495, 'Póvoa de Varzim'),
(4570, 'Póvoa de Varzim'),
(9650, 'Povoação'),
(9675, 'Povoação'),
(9760, 'Praia da Vitória'),
(6150, 'Proença-A-Nova'),
(7170, 'Redondo'),
(7200, 'Redondo'),
(7200, 'Reguengos de Monsaraz'),
(4660, 'Resende'),
(9350, 'Ribeira Brava'),
(4870, 'Ribeira de Pena'),
(9600, 'Ribeira Grande'),
(9625, 'Ribeira Grande'),
(2040, 'Rio Maior'),
(5060, 'Sabrosa'),
(5085, 'Sabrosa'),
(6250, 'Sabugal'),
(6320, 'Sabugal'),
(2120, 'Salvaterra de Magos'),
(2125, 'Salvaterra de Magos'),
(3440, 'Santa Comba Dão'),
(9100, 'Santa Cruz'),
(9125, 'Santa Cruz'),
(9135, 'Santa Cruz'),
(9880, 'Santa Cruz da Graciosa'),
(9970, 'Santa Cruz Das Flores'),
(3700, 'Santa Maria da Feira'),
(4505, 'Santa Maria da Feira'),
(4520, 'Santa Maria da Feira'),
(4525, 'Santa Maria da Feira'),
(5030, 'Santa Marta de Penaguião'),
(9230, 'Santana'),
(2000, 'Santarém'),
(2005, 'Santarém'),
(2025, 'Santarém'),
(7500, 'Santiago do Cacém'),
(7540, 'Santiago do Cacém'),
(7555, 'Santiago do Cacém'),
(7565, 'Santiago do Cacém'),
(4780, 'Santo Tirso'),
(4795, 'Santo Tirso'),
(4825, 'Santo Tirso'),
(8150, 'São Brás de Alportel'),
(3700, 'São João da Madeira'),
(5130, 'São João da Pesqueira'),
(3660, 'São Pedro do Sul'),
(9940, 'São Roque do Pico'),
(9240, 'São Vicente'),
(2230, 'Sardoal'),
(3560, 'Sátão'),
(3650, 'Sátão'),
(6270, 'Seia'),
(6285, 'Seia'),
(2840, 'Seixal'),
(2845, 'Seixal'),
(2855, 'Seixal'),
(2865, 'Seixal'),
(3620, 'Sernancelhe'),
(3640, 'Sernancelhe'),
(7830, 'Serpa'),
(6100, 'Sertã'),
(2925, 'Sesimbra'),
(2970, 'Sesimbra'),
(2975, 'Sesimbra'),
(2900, 'Setúbal'),
(2910, 'Setúbal'),
(2914, 'Setúbal'),
(2925, 'Setúbal'),
(3740, 'Sever do Vouga'),
(8300, 'Silves'),
(8365, 'Silves'),
(8375, 'Silves'),
(7520, 'Sines'),
(2605, 'Sintra'),
(2635, 'Sintra'),
(2705, 'Sintra'),
(2710, 'Sintra'),
(2715, 'Sintra'),
(2725, 'Sintra'),
(2735, 'Sintra'),
(2590, 'Sobral de Monte Agraço'),
(3130, 'Soure'),
(7470, 'Sousel'),
(3420, 'Tábua'),
(5120, 'Tabuaço'),
(3610, 'Tarouca'),
(8800, 'Tavira'),
(4840, 'Terras de Bouro'),
(4845, 'Terras de Bouro'),
(2300, 'Tomar'),
(2305, 'Tomar'),
(3460, 'Tondela'),
(3465, 'Tondela'),
(3475, 'Tondela'),
(5160, 'Torre de Moncorvo'),
(2350, 'Torres Novas'),
(2560, 'Torres Vedras'),
(2565, 'Torres Vedras'),
(3640, 'Trancoso'),
(6420, 'Trancoso'),
(4745, 'Trofa'),
(4785, 'Trofa'),
(3840, 'Vagos'),
(3730, 'Vale de Cambra'),
(4930, 'Valença'),
(4440, 'Valongo'),
(4445, 'Valongo'),
(5430, 'Valpaços'),
(5445, 'Valpaços'),
(9800, 'Velas'),
(2965, 'Vendas Novas'),
(7080, 'Vendas Novas'),
(7090, 'Viana do Alentejo'),
(4900, 'Viana do Castelo'),
(4901, 'Viana Do Castelo'),
(4905, 'Viana do Castelo'),
(4925, 'Viana do Castelo'),
(4935, 'Viana do Castelo'),
(7960, 'Vidigueira'),
(4850, 'Vieira do Minho'),
(6110, 'Vila de Rei'),
(8650, 'Vila do Bispo'),
(4480, 'Vila do Conde'),
(4485, 'Vila do Conde'),
(9580, 'Vila do Porto'),
(5360, 'Vila Flor'),
(2600, 'Vila Franca de Xira'),
(2615, 'Vila Franca de Xira'),
(2625, 'Vila Franca de Xira'),
(9680, 'Vila Franca do Campo'),
(2260, 'Vila Nova da Barquinha'),
(4920, 'Vila Nova de Cerveira'),
(4760, 'Vila Nova de Famalicão'),
(4765, 'Vila Nova de Famalicão'),
(4770, 'Vila Nova de Famalicão'),
(4775, 'Vila Nova de Famalicão'),
(5150, 'Vila Nova de Foz Côa'),
(5155, 'Vila Nova de Foz Côa'),
(4400, 'Vila Nova de Gaia'),
(4405, 'Vila Nova De Gaia'),
(4410, 'Vila Nova de Gaia'),
(4415, 'Vila Nova de Gaia'),
(4430, 'Vila Nova de Gaia'),
(3650, 'Vila Nova de Paiva'),
(3350, 'Vila Nova de Poiares'),
(5450, 'Vila Pouca de Aguiar'),
(5000, 'Vila Real'),
(8900, 'Vila Real de Santo António'),
(6030, 'Vila Velha de Ródão'),
(4730, 'Vila Verde'),
(7160, 'Vila Viçosa'),
(5230, 'Vimioso'),
(5320, 'Vinhais'),
(5335, 'Vinhais'),
(3500, 'Viseu'),
(3504, 'Viseu'),
(3505, 'Viseu'),
(3510, 'Viseu'),
(3515, 'Viseu'),
(4620, 'Vizela'),
(4815, 'Vizela'),
(3670, 'Vouzela');

-- --------------------------------------------------------

--
-- Estrutura da tabela `cursos`
--

DROP TABLE IF EXISTS `cursos`;
CREATE TABLE IF NOT EXISTS `cursos` (
  `ID` varchar(6) NOT NULL,
  `nome` varchar(128) DEFAULT NULL,
  `area_curso_ID` int(11) NOT NULL,
  PRIMARY KEY (`ID`),
  KEY `area_curso_ID` (`area_curso_ID`)
) ENGINE=InnoDB DEFAULT CHARSET=utf8;

--
-- Extraindo dados da tabela `cursos`
--

INSERT INTO `cursos` (`ID`, `nome`, `area_curso_ID`) VALUES
('8002', 'Línguas e Culturas Estrangeiras', 22),
('8005', 'Marketing (regime pós-laboral)', 34),
('8009', 'Música na Comunidade', 21),
('8011', 'Produção Alimentar em Restauração (regime pós-laboral)', 81),
('8014', 'Serviço Social (regime pós-laboral)', 76),
('8015', 'Solicitadoria (regime pós-laboral)', 38),
('8016', 'Tecnologias da Informação', 48),
('8026', 'Teatro, variante de Cenografia', 21),
('8027', 'Teatro, variante de Figurino', 21),
('8028', 'Teatro, variante de Luz e Som', 21),
('8029', 'Finanças e Contabilidade', 34),
('8031', 'Ciências Farmacêuticas (Preparatórios)', 72),
('8036', 'Conservação - Restauro', 21),
('8042', 'Gestão Aeronáutica', 34),
('8058', 'Políticas de Segurança', 86),
('8059', 'Ciências Forenses e Criminais', 42),
('8067', 'Administração Público-Privada', 38),
('8083', 'Ciclo Básico de Medicina', 72),
('8086', 'Medicina Veterinária (Preparatórios)', 64),
('8093', 'Animação Socioeducativa (regime pós-laboral)', 76),
('8096', 'Gestão do Património (regime pós-laboral)', 34),
('8097', 'Ciências Empresariais (regime pós-laboral)', 34),
('8102', 'Administração Pública (regime pós-laboral)', 34),
('8104', 'Estudos Artísticos, variante de Artes do Espetáculo', 21),
('8109', 'Sociologia (regime pós-laboral)', 31),
('8111', 'Gestão de Recursos Humanos (regime pós-laboral)', 34),
('8114', 'Turismo (regime pós-laboral)', 81),
('8126', 'Design Gráfico e Multimédia (regime pós-laboral)', 21),
('8134', 'Fotografia e Cultura Visual', 21),
('8137', 'Cardiopneumologia', 72),
('8138', 'Terapia Ocupacional', 72),
('8141', 'Audiologia', 72),
('8143', 'Ortóptica', 72),
('8147', 'Sistemas e Tecnologias da Informação', 48),
('8149', 'Dietética e Nutrição', 72),
('8152', 'Ortoprotesia', 72),
('8156', 'Gestão de Atividades Turísticas', 81),
('8158', 'Animação Digital', 21),
('8163', 'Turismo e Gestão de Empresas Turísticas', 81),
('8164', 'Ciência Política e Estudos Eleitorais', 31),
('8166', 'Gestão e Desenvolvimento de Recursos Humanos', 34),
('8175', 'Jazz e Música Moderna', 21),
('8181', 'Gestão Autárquica', 34),
('8183', 'Geografia e Planeamento', 31),
('8184', 'Optometria e Ciências da Visão', 72),
('8187', 'Engenharia da Segurança do Trabalho', 86),
('8191', 'Ciências Militares', 86),
('8193', 'Ciências Militares, especialidade de Segurança', 86),
('8206', 'Ciências Militares Navais, especialidade de Marinha', 86),
('8209', 'Ciências Militares Navais, especialidade de Fuzileiro', 86),
('8215', 'Tecnologias Militares Navais', 86),
('8217', 'Aeronáutica Militar, especialidade de Piloto Aviador', 86),
('8249', 'Podologia', 72),
('8251', 'História e Arqueologia', 22),
('8257', 'Microbiologia', 42),
('8258', 'Arquitetura Paisagista', 58),
('8259', 'Sistemas e Tecnologias de Informação', 34),
('8262', 'Biologia Humana', 42),
('8264', 'Artes Visuais e Tecnologias Artísticas', 21),
('8277', 'Engenharia Eletrotécnica de Sistemas de Energia', 52),
('8283', 'Estudos de Segurança', 86),
('8288', 'Sistemas de Informação para Gestão', 34),
('8296', 'Gestão Industrial', 34),
('8307', 'Artes Visuais e Tecnologias', 21),
('8309', 'Design de Jogos Digitais', 21),
('8311', 'Engenharia em Desenvolvimento de Jogos Digitais', 52),
('8313', 'Comunicação Audiovisual e Multimédia', 21),
('8316', 'Engenharia de Sistemas', 48),
('8317', 'Gestão da Qualidade, Ambiente e Segurança', 86),
('8323', 'Línguas Estrangeiras: Inglês e Espanhol', 22),
('8337', 'Imagem Animada', 21),
('8339', 'Comunicação Multimédia', 21),
('8341', 'Gestão de Atividades Turísticas (regime pós-laboral)', 81),
('8342', 'Comunicação Organizacional (regime pós-laboral)', 34),
('8343', 'Música, variante de Jazz (regime pós-laboral)', 21),
('8344', 'Tecnologias da Música (regime pós-laboral)', 21),
('8358', 'Direito (regime pós-laboral)', 38),
('8363', 'Administração Pública e Políticas do Território (regime pós-laboral)', 34),
('8364', 'Relações Internacionais (regime pós-laboral)', 31),
('8366', 'Informática e Gestão de Empresas (regime pós-laboral)', 48),
('8371', 'Formação Militar Complementar em Medicina', 86),
('8372', 'Formação Militar Complementar em Medicina Dentária', 86),
('8374', 'Línguas para Relações Internacionais', 34),
('8377', 'Engenharia Florestal e dos Recursos Naturais', 62),
('8378', 'Estudos Europeus, Estudos Lusófonos e Relações Internacionais', 31),
('8384', 'Formação Militar Complementar em Ciências Farmacêuticas', 86),
('8385', 'Formação Militar Complementar em Medicina Veterinária', 86),
('8387', 'Relações Empresariais', 34),
('8393', 'Português', 22),
('8397', 'Engenharia de Proteção Civil', 86),
('8398', 'Segurança Informática em Redes de Computadores', 48),
('8399', 'Desenho', 21),
('8402', 'Gestão Pública (regime de ensino a distância)', 34),
('8405', 'Gestão da Qualidade', 34),
('8407', 'Engenharia da Computação Gráfica e Multimédia', 52),
('8408', 'Química Medicinal', 44),
('8409', 'Engenharia de Sistemas Informáticos', 52),
('8411', 'Planeamento e Gestão do Território', 58),
('8413', 'Artes e Humanidades', 22),
('8417', 'Engenharia de Sistemas Informáticos (regime pós-laboral)', 52),
('8419', 'Agronomia (regime pós-laboral)', 62),
('8427', 'Educação (regime pós-laboral)', 14),
('8437', 'Solicitadoria (regime de ensino a distância)', 38),
('8438', 'Relações Públicas e Comunicação Empresarial (regime pós-laboral)', 34),
('8439', 'Publicidade e Marketing (regime pós-laboral)', 34),
('8442', 'Gestão das Atividades Turísticas (regime pós-laboral)', 81),
('8455', 'Ciência e Tecnologias do Som', 21),
('8458', 'Estudos Gerais', 99),
('8463', 'Engenharia das Energias Renováveis', 52),
('8464', 'Gestão da Distribuição e Logística', 34),
('8468', 'Engenharia de Segurança do Trabalho', 86),
('8476', 'Relações Humanas e Comunicação Organizacional (reg. de ensino a distância)', 34),
('8494', 'Design de Produto', 21),
('8509', 'Património Cultural e Arqueologia', 22),
('8514', 'Gestão de Eventos', 34),
('8515', 'Tecnologias de Energia', 52),
('8516', 'Organização e Gestão Empresariais', 34),
('8517', 'Tecnologia e Design de Mobiliário', 21),
('8519', 'Secretariado de Direção e Administração', 34),
('8522', 'Energias Renováveis e Ambiente', 42),
('8523', 'Administração de Unidades de Saúde', 34),
('8524', 'Proteção Civil e Gestão de Riscos', 44),
('8525', 'Design de Produto - Cerâmica e Vidro', 21),
('8526', 'Ciências da Engenharia Aeroespacial', 52),
('8571', 'Ciênc de Engenharia-Eng Mecânica; Eng Eletrotécnica e de Computadores (Pre)', 52),
('9002', 'Administração Pública', 34),
('9003', 'Agronomia', 62),
('9005', 'Animação Sociocultural', 76),
('9006', 'Arqueologia', 22),
('9007', 'Artes Plásticas', 21),
('9009', 'Assessoria e Tradução', 34),
('9010', 'Audiovisual e Multimédia', 21),
('9011', 'Biologia', 42),
('9012', 'Biologia e Geologia', 42),
('9013', 'Biologia Marinha', 42),
('9014', 'Biologia Marinha e Biotecnologia', 42),
('9015', 'Bioquímica', 42),
('9016', 'Biotecnologia', 52),
('9019', 'Ciência Política', 31),
('9020', 'Ciência Política e Relações Internacionais', 31),
('9021', 'Ciências Aeronáuticas', 52),
('9022', 'Ciências Agrárias', 62),
('9023', 'Ciências da Comunicação', 32),
('9024', 'Ciências da Comunicação e da Cultura', 32),
('9025', 'Ciências da Cultura', 31),
('9026', 'Ciências da Educação', 14),
('9040', 'Ciências da Linguagem', 22),
('9041', 'Ciências do Mar', 44),
('9043', 'Ciências e Tecnologias da Documentação e Informação', 32),
('9045', 'Ciências Empresariais', 34),
('9046', 'Ciências Musicais', 21),
('9048', 'Cinema', 21),
('9049', 'Cinema, Vídeo e Comunicação Multimédia', 21),
('9051', 'Comunicação Aplicada: Marketing, Publicidade e Relações Públicas', 34),
('9052', 'Comunicação e Multimédia', 21),
('9053', 'Comunicação Empresarial', 34),
('9054', 'Comunicação Social', 32),
('9056', 'Contabilidade', 34),
('9058', 'Contabilidade e Administração', 34),
('9059', 'Administração e Gestão de Empresas', 34),
('9061', 'Contabilidade e Auditoria', 34),
('9065', 'Contabilidade, Fiscalidade e Auditoria', 34),
('9066', 'Criminologia', 31),
('9068', 'Dança', 21),
('9069', 'Design', 21),
('9070', 'Design de Comunicação', 21),
('9071', 'Design de Moda', 21),
('9072', 'Design de Equipamento', 21),
('9073', 'Design e Produção Gráfica', 21),
('9074', 'Design Industrial', 21),
('9075', 'Design Multimédia', 21),
('9076', 'Direção e Gestão Hoteleira', 81),
('9078', 'Direito', 38),
('9081', 'Economia', 31),
('9082', 'Educação Ambiental', 14),
('9084', 'Educação Social', 76),
('9085', 'Enfermagem Veterinária', 64),
('9086', 'Engenharia Agronómica', 62),
('9087', 'Engenharia Alimentar', 54),
('9089', 'Engenharia Civil', 58),
('9090', 'Engenharia Civil (regime noturno)', 58),
('9092', 'Engenharia de Automação, Controlo e Instrumentação', 52),
('9096', 'Engenharia de Materiais', 54),
('9097', 'Engenharia de Produção Industrial', 52),
('9098', 'Engenharia de Telecomunicações e Informática', 52),
('9099', 'Engenharia do Ambiente', 85),
('9104', 'Engenharia e Gestão Industrial', 52),
('9105', 'Engenharia Eletromecânica', 52),
('9106', 'Engenharia Eletrónica e de Automação', 52),
('9107', 'Engenharia Eletrónica e Telecomunicações', 52),
('9108', 'Engenharia Eletrónica e Telecomunicações e de Computadores', 52),
('9109', 'Engenharia Eletrotécnica', 52),
('9110', 'Engenharia Eletrotécnica - Sistemas Elétricos de Energia', 52),
('9111', 'Engenharia Eletrotécnica e das Telecomunicações', 52),
('9112', 'Engenharia Eletrotécnica e de Computadores', 52),
('9113', 'Engenharia Física', 44),
('9116', 'Engenharia Geológica', 44),
('9117', 'Engenharia Geotécnica e Geoambiente', 54),
('9118', 'Engenharia Industrial', 52),
('9119', 'Engenharia Informática', 52),
('9121', 'Engenharia Informática e de Computadores', 52),
('9122', 'Engenharia Informática e Telecomunicações', 52),
('9123', 'Engenharia Mecânica', 52),
('9124', 'Engenharia Multimédia', 48),
('9125', 'Engenharia Química', 52),
('9126', 'Engenharia Química e Biológica', 52),
('9127', 'Engenharia Têxtil', 54),
('9128', 'Engenharia Topográfica', 58),
('9129', 'Engenharia Zootécnica', 62),
('9130', 'Equinicultura', 62),
('9131', 'Estudos Africanos', 31),
('9132', 'Estudos Artísticos', 21),
('9133', 'Estudos Clássicos', 22),
('9134', 'Estudos Culturais', 31),
('9135', 'Estudos Europeus', 31),
('9136', 'Estudos Europeus e Relações Internacionais', 31),
('9139', 'Filosofia', 22),
('9140', 'Finanças', 34),
('9141', 'Física', 44),
('9143', 'Geografia', 31),
('9145', 'Geografia e Planeamento Regional', 31),
('9146', 'Geologia', 44),
('9147', 'Gestão', 34),
('9148', 'Gestão (regime noturno)', 34),
('9151', 'Gestão de Empresa', 34),
('9152', 'Gestão de Empresas', 34),
('9155', 'Gestão de Informação', 34),
('9156', 'Gestão de Marketing', 34),
('9157', 'Gestão de Recursos Humanos', 34),
('9159', 'Gestão de Sistemas e Computação', 48),
('9162', 'Gestão do Desporto', 34),
('9163', 'Gestão do Lazer e Animação Turística', 81),
('9164', 'Gestão e Administração Hoteleira', 34),
('9165', 'Gestão e Administração Pública', 34),
('9168', 'Gestão e Informática', 34),
('9169', 'Gestão e Negócios', 34),
('9170', 'Gestão em Saúde', 34),
('9171', 'Gestão Empresarial', 34),
('9173', 'Gestão Hoteleira', 81),
('9174', 'Gestão Imobiliária', 34),
('9177', 'Gestão Turística', 81),
('9178', 'Gestão Turística e Hoteleira', 81),
('9179', 'Gestão Turística, Cultural e Patrimonial', 81),
('9181', 'História', 22),
('9182', 'História da Arte', 21),
('9183', 'Informação Turística', 81),
('9185', 'Informática', 48),
('9186', 'Informática de Gestão', 48),
('9188', 'Informática e Comunicações', 48),
('9189', 'Informática e Gestão de Empresas', 48),
('9191', 'Jornalismo', 32),
('9192', 'Línguas Aplicadas', 22),
('9194', 'Línguas e Estudos Editoriais', 22),
('9195', 'Línguas e Literaturas Europeias', 22),
('9196', 'Línguas e Relações Empresariais', 22),
('9197', 'Línguas e Relações Internacionais', 22),
('9204', 'Línguas, Literaturas e Culturas', 22),
('9205', 'Marketing', 34),
('9206', 'Marketing e Publicidade', 34),
('9207', 'Marketing Turístico', 34),
('9208', 'Marketing, Publicidade e Relações Públicas', 34),
('9209', 'Matemática', 46),
('9210', 'Matemática Aplicada à Economia e à Gestão', 46),
('9212', 'Meteorologia, Oceanografia e Geofísica', 44),
('9213', 'Multimédia', 21),
('9214', 'Música', 21),
('9215', 'Novas Tecnologias da Comunicação', 21),
('9217', 'Produção Alimentar em Restauração', 81),
('9218', 'Proteção Civil', 86),
('9219', 'Psicologia', 31),
('9221', 'Psicopedagogia', 31),
('9222', 'Publicidade e Marketing', 34),
('9223', 'Química', 44),
('9224', 'Química Aplicada', 44),
('9225', 'Química Industrial', 52),
('9226', 'Química Tecnológica', 52),
('9227', 'Recursos Humanos', 34),
('9229', 'Relações Internacionais', 31),
('9231', 'Relações Públicas e Comunicação Empresarial', 34),
('9235', 'Secretariado e Comunicação Empresarial', 34),
('9238', 'Serviço Social', 76),
('9240', 'Sociologia', 31),
('9242', 'Solicitadoria', 38),
('9243', 'Teatro', 21),
('9244', 'Tecnologia da Comunicação Audiovisual', 21),
('9248', 'Tecnologias da Informação e Multimédia', 48),
('9249', 'Tecnologias de Comunicação Multimédia', 21),
('9252', 'Tradução', 22),
('9254', 'Turismo', 81),
('9255', 'Turismo e Lazer', 81),
('9257', 'Arquitetura', 58),
('9345', 'Matemática Aplicada e Computação', 46),
('9347', 'Artes Plásticas e Multimédia', 21),
('9348', 'Biologia Celular e Molecular', 42),
('9350', 'Ciência e Tecnologia dos Alimentos', 54),
('9351', 'Ciências Biomédicas', 42),
('9353', 'Educação', 14),
('9378', 'Línguas Estrangeiras Aplicadas', 22),
('9379', 'Ciências do Ambiente', 42),
('9380', 'Conservação e Restauro', 21),
('9381', 'Estatística Aplicada', 46),
('9385', 'Matemática Aplicada', 46),
('9397', 'Ciências da Computação', 48),
('9448', 'Antropologia', 31),
('9453', 'Comunicação Social e Cultural', 32),
('9455', 'Engenharia Biomédica', 52),
('9457', 'Som e Imagem', 21),
('9470', 'Design Gráfico', 21),
('9473', 'Educação Social Gerontológica', 76),
('9474', 'Engenharia Biológica', 42),
('9476', 'Finanças Empresariais', 34),
('9484', 'Restauração e Catering', 81),
('9485', 'Secretariado', 34),
('9491', 'Tecnologias e Design de Multimédia', 21),
('9492', 'Tradução e Interpretação: Português/Chinês - Chinês/Português', 22),
('9494', 'Ciências Farmacêuticas', 72),
('9497', 'Análises Clínicas e Saúde Pública', 72),
('9498', 'Contabilidade e Fiscalidade', 34),
('9499', 'Design e Marketing de Moda', 21),
('9500', 'Enfermagem', 72),
('9501', 'Enfermagem (entrada no 2.º semestre)', 72),
('9504', 'Fisioterapia', 72),
('9506', 'Terapêutica da Fala', 72),
('9507', 'Arquitetura e Urbanismo', 58),
('9540', 'Bioengenharia', 52),
('9547', 'Engenharia Eletrónica e Informática', 52),
('9548', 'Medicina Dentária', 72),
('9549', 'Farmácia', 72),
('9551', 'Arte - Conservação e Restauro', 21),
('9554', 'Ciências da Nutrição', 72),
('9556', 'Higiene Oral', 72),
('9563', 'Desporto', 81),
('9619', 'Engenharia Agro-Pecuária', 62),
('9627', 'Contabilidade e Finanças', 34),
('9628', 'Contabilidade e Finanças (regime noturno)', 34),
('9629', 'Gestão da Distribuição e da Logística', 34),
('9630', 'Gestão de Sistemas de Informação', 48),
('9633', 'Tradução e Interpretação de Língua Gestual Portuguesa', 22),
('9640', 'Gestão de Recursos Humanos e Comportamento Organizacional', 34),
('9644', 'Design e Tecnologia das Artes Gráficas', 21),
('9645', 'Fotografia', 21),
('9648', 'Engenharia da Energia e do Ambiente', 85),
('9652', 'Comunicação e Relações Públicas', 34),
('9662', 'Comunicação e Jornalismo', 32),
('9664', 'Marketing e Comunicação Empresarial', 34),
('9668', 'Gerontologia Social', 76),
('9670', 'Administração de Publicidade e Marketing', 34),
('9673', 'Agricultura Biológica', 62),
('9675', 'Animação Socioeducativa', 76),
('9682', 'Artes Plásticas e Intermédia', 21),
('9683', 'Artes Visuais - Fotografia', 21),
('9687', 'Bioinformática', 42),
('9688', 'Biologia Aplicada', 42),
('9690', 'Biomecânica', 52),
('9694', 'Ciência da Informação', 32),
('9696', 'Ciência de Computadores', 48),
('9701', 'Ciências da Comunicação: Jornalismo, Assessoria, Multimédia', 32),
('9707', 'Ciências do Desporto', 81),
('9708', 'Ciências do Meio Aquático', 44),
('9709', 'Ciências e Tecnologia do Ambiente', 85),
('9713', 'Cinema e Audiovisual', 21),
('9716', 'Comércio Internacional', 34),
('9717', 'Comunicação Organizacional', 34),
('9720', 'Comunicação, Cultura e Organizações', 31),
('9722', 'Contabilidade e Gestão Pública', 34),
('9723', 'Design de Ambientes', 21),
('9725', 'Design de Interiores e Equipamento', 21),
('9726', 'Design de Moda e Têxtil', 21),
('9727', 'Design do Produto', 21),
('9729', 'Design Gráfico e Multimédia', 21),
('9730', 'Desporto de Natureza e Turismo Ativo', 81),
('9731', 'Desporto e Lazer', 81),
('9736', 'Educação Física e Desporto', 81),
('9740', 'Engenharia Aeronáutica', 52),
('9741', 'Engenharia Automóvel', 52),
('9743', 'Engenharia Civil e do Ambiente', 58),
('9745', 'Engenharia de Máquinas Marítimas', 52),
('9751', 'Engenharia Mecatrónica', 52),
('9752', 'Enologia', 54),
('9754', 'Escultura', 21),
('9759', 'Fiscalidade', 34),
('9761', 'Genética e Biotecnologia', 42),
('9763', 'Gestão das Organizações Desportivas', 81),
('9767', 'Gestão do Património', 34),
('9770', 'Engenharia Informática (Curso Europeu)', 52),
('9773', 'Jornalismo e Comunicação', 32),
('9774', 'Língua Gestual Portuguesa', 22),
('9779', 'Línguas Modernas', 22),
('9782', 'Música, variante de Execução', 21),
('9784', 'Música, variante de Instrumento', 21),
('9785', 'Negócios Internacionais', 31),
('9787', 'Património Cultural', 22),
('9789', 'Pilotagem', 84),
('9790', 'Pintura', 21),
('9791', 'Prótese Dentária', 72),
('9797', 'Relações Humanas e Comunicação Organizacional', 34),
('9798', 'Relações Públicas e Comunicação', 34),
('9801', 'Solicitadoria e Administração', 38),
('9803', 'Teatro e Artes Performativas', 21),
('9807', 'Tradução e Interpretação em Língua Gestual Portuguesa', 22),
('9808', 'Treino Desportivo', 81),
('9813', 'Medicina', 72),
('9816', 'Música, variante de Música Eletrónica e Produção Musical', 21),
('9817', 'Artes Visuais', 21),
('9818', 'Ciência e Tecnologia Animal', 62),
('9819', 'Ciências Bioanalíticas', 72),
('9821', 'Ciências da Educação e da Formação', 14),
('9822', 'Ciências da Saúde', 72),
('9829', 'Assessoria e Tradução (regime pós-laboral)', 34),
('9832', 'Farmácia Biomédica', 72),
('9833', 'Gerontologia', 72),
('9834', 'Línguas e Comunicação', 22),
('9835', 'Matemática e Aplicações', 46),
('9836', 'Música, variante de Canto', 21),
('9837', 'Música, variante de Composição', 21),
('9838', 'Música, variante de Jazz', 21),
('9839', 'Música, variante de Música Antiga', 21),
('9840', 'Música, variante de Produção e Tecnologias da Música', 21),
('9841', 'Reabilitação Psicomotora', 72),
('9842', 'Teatro, variante de Interpretação', 21),
('9847', 'Medicina Veterinária', 64),
('9848', 'Animação Turística', 81),
('9850', 'Desporto e Atividade Física', 81),
('9851', 'Desporto e Bem-Estar', 81),
('9853', 'Educação Básica', 14),
('9855', 'Energia e Ambiente', 85),
('9861', 'Saúde Ambiental', 85),
('9862', 'Tecnologia e Gestão Industrial (regime noturno)', 52),
('9866', 'Comércio Internacional (regime pós-laboral)', 34),
('9867', 'Comunicação Empresarial (regime pós-laboral)', 34),
('9869', 'Contabilidade (regime pós-laboral)', 34),
('9870', 'Contabilidade e Administração (regime pós-laboral)', 34),
('9873', 'Design Gráfico (regime pós-laboral)', 21),
('9875', 'Direção e Gestão Hoteleira (regime pós-laboral)', 81),
('9876', 'Educação Básica (regime pós-laboral)', 14),
('9878', 'Educação Musical', 14),
('9879', 'Educação Social (regime pós-laboral)', 76),
('9884', 'Engenharia Eletrotécnica (regime pós-laboral)', 52),
('9885', 'Engenharia Informática (regime pós-laboral)', 52),
('9886', 'Engenharia Mecânica (regime pós-laboral)', 52),
('9888', 'Finanças (regime pós-laboral)', 34),
('9889', 'Finanças Empresariais (regime pós-laboral)', 34),
('9890', 'Terapia da Fala', 72),
('9891', 'Design e Multimédia', 21),
('9894', 'Comunicação e Design Multimédia', 21),
('9898', 'Arte e Design', 21),
('9899', 'Teatro e Educação', 21),
('9904', 'Arte Multimédia', 21),
('9910', 'Engenharia de Energias Renováveis', 52),
('9912', 'Engenharia Eletrónica', 52),
('9914', 'Estudos Asiáticos', 31),
('9917', 'Estudos Portugueses', 22),
('9918', 'Estudos Portugueses e Espanhóis', 22),
('9921', 'Gestão das Atividades Turísticas', 81),
('9924', 'Gestão de Transportes e Logística', 84),
('9926', 'Gestão Portuária', 84),
('9927', 'História Moderna e Contemporânea', 22),
('9930', 'Publicidade e Relações Públicas', 34),
('9933', 'Animação e Produção Artística', 21),
('9934', 'Energias Renováveis', 52),
('9936', 'Engenharia Mecânica Automóvel', 52),
('9990', 'Fiscalidade (regime pós-laboral)', 34),
('9991', 'Gestão (regime pós-laboral)', 34),
('9993', 'Gestão da Distribuição e da Logística (regime pós-laboral)', 34),
('9994', 'Gestão de Empresas (regime pós-laboral)', 34),
('9995', 'Gestão do Lazer e Animação Turística (regime pós-laboral)', 81),
('9996', 'Gestão Turística (regime pós-laboral)', 81),
('A001', 'Gestão (ensino em Inglês)', 34),
('A004', 'Gestão de Negócios Internacionais (Curso Europeu, ensino em Inglês)', 34),
('A006', 'Economia (ensino em Inglês)', 31),
('A013', 'Finanças (ensino em inglês)', 34),
('G008', 'Arquitectura, área de especializ. em Interiores e Reabilitação do Edificado', 58),
('L003', 'Zootecnia', 62),
('L008', 'Atividade Física e Estilos de Vida Saudáveis', 81),
('L009', 'Ciências Florestais e Recursos Naturais', 62),
('L010', 'Ciências da Arte e do Património', 21),
('L012', 'Música, variante de Composição, Direção e Formação Musical', 21),
('L015', 'Tecnologia Alimentar', 54),
('L018', 'Desenvolvimento Regional e Ordenamento do Território', 34),
('L019', 'Comunicação Aplicada', 32),
('L021', 'Gestão Comercial', 34),
('L023', 'Marketing e Negócios Internacionais', 34),
('L024', 'Tecnologia e Gestão Ambiental', 85),
('L029', 'Biologia e Biotecnologia', 42),
('L030', 'Gestão Industrial e Logística', 34),
('L033', 'Tecnologias de Produção de Biocombustíveis', 52),
('L034', 'Desporto, Condição Física e Saúde', 81),
('L035', 'Comércio e Negócios Internacionais (regime pós-laboral)', 34),
('L036', 'Ótica e Optometria', 44),
('L040', 'Educação e Formação', 14),
('L041', 'Estudos Portugueses e Ingleses', 22),
('L042', 'Informática Web', 48),
('L046', 'Gestão de Processos e Operações Empresariais', 34),
('L047', 'Línguas e Literaturas', 22),
('L052', 'Engenharia Informática e Multimédia', 48),
('L055', 'Jogos Digitais e Multimédia', 21),
('L056', 'Comércio e Relações Económicas Internacionais', 34),
('L058', 'Tecnologia e Gestão Industrial', 52),
('L060', 'Engenharia da Construção e da Reabilitação', 58),
('L061', 'Gestão do Turismo e da Hospitalidade', 81),
('L063', 'Ciências Laboratoriais Forenses', 42),
('L066', 'Imagem Médica e Radioterapia', 72),
('L067', 'Fisiologia Clínica', 72),
('L068', 'Ciências Biomédicas Laboratoriais', 72),
('L069', 'Tecnologia Biomédica', 52),
('L070', 'Criatividade e Inovação Empresarial', 34),
('L071', 'Tecnologias e Sistemas de Informação para a Web', 48),
('L076', 'Ciências do Desporto e da Atividade Física', 81),
('L077', 'Artes Dramáticas - Formação de Atores', 21),
('L078', 'Criminologia e Justiça Criminal', 38),
('L079', 'Tecnologias de Informação', 48),
('L080', 'Qualidade Alimentar e Nutrição Humana', 42),
('L085', 'Tecnologias e Gestão Municipal', 58),
('L086', 'Estudos Euro-Atlânticos', 31),
('L088', 'Relações Lusófonas e Língua Portuguesa', 22),
('L089', 'Biorrecursos', 42),
('L090', 'Ecologia e Ambiente', 42),
('L091', 'Segurança do Trabalho e Ambiente', 86),
('L093', 'Biotecnologia Alimentar', 52),
('L095', 'Gastronomia', 81),
('L096', 'Engenharia Geoespacial', 58),
('L097', 'Estudos Comparatistas', 22),
('L099', 'Comunicação e Media', 32),
('L100', 'Tecnologias do Petróleo', 52),
('L101', 'Biotecnologia Medicinal', 42),
('L104', 'Engenharia Eletrotécnica e de Computadores (regime pós-laboral)', 52),
('L105', 'Gestão da Hospitalidade', 34),
('L109', 'Turismo, Território e Patrimónios', 31),
('L110', 'Engenharia Eletrónica e de Telecomunicações', 52),
('L111', 'Ciências Bioveterinárias', 64),
('L112', 'Proteção Civil e Gestão do Território', 44),
('L114', 'Ciências de Engenharia Aeronáutica', 52),
('L116', 'Secretariado de Administração', 34),
('L117', 'Matemática Aplicada à Tecnologia e à Empresa', 46),
('L118', 'Engenharia Eletrotécnica Marítima', 52),
('L119', 'Engenharia Informática, Redes e Telecomunicações', 48),
('L120', 'Produção de Conteúdos Interativos e Multimédia', 21),
('L121', 'Natureza e Património', 85),
('L122', 'Artes Plásticas e Tecnologias Artísticas', 21),
('L123', 'Gestão Marinha e Costeira', 85),
('L124', 'Tecnologias do Ambiente e do Mar', 52),
('L125', 'Design Global', 21),
('L127', 'Programação e Produção Cultural', 22),
('L130', 'Educação Ambiental e Turismo de Natureza', 14),
('L131', 'Gestão da Restauração e Catering', 81),
('L133', 'Engenharia Biomédica - Bioeletrónica', 52),
('L134', 'Mediação Artística e Cultural', 31),
('L135', 'Tecnologia e Sistemas de Produção', 52),
('L136', 'Osteopatia', 72),
('L137', 'Tecnologias de Informação, Web e Multimédia', 48),
('L138', 'Design de Produto e Tecnologia', 21),
('L140', 'Gestão Pública', 34),
('L142', 'Tecnologia Química', 52),
('L143', 'Informática e Tecnologias Multimédia', 48),
('L144', 'Ciências da Educação - Educação Social', 14),
('L145', 'Estudos de Cultura e Comunicação', 31),
('L146', 'Gestão de Bioindústrias', 34),
('L147', 'Estudos Orientais: Estudos Chineses e Japoneses', 22),
('L148', 'Videojogos e Aplicações Multimédia', 21),
('L149', 'Administração e Gestão de Empresas - Licenciatura Internacional', 34),
('L150', 'Estudos de Cultura', 31),
('L152', 'Economia e Finanças - Licenciatura Internacional', 31),
('L153', 'Engenharia de Redes e Sistemas de Computadores', 48),
('L154', 'Artes da Performance Cultural', 21),
('L155', 'Gestão Sustentável das Cidades', 52),
('L156', 'Saúde e Estatística', 72),
('L157', 'Tecnologias Bioanalíticas', 52),
('L158', 'Design de Comunicação e Audiovisual', 21),
('L159', 'Gestão da Manutenção e Segurança Industrial', 86),
('L160', 'Acupuntura', 72),
('L161', 'Ortóptica e Ciências da Visão', 72),
('L162', 'Engenharia Naval e Oceânica', 52),
('L163', 'Estudos Musicais Aplicados', 21),
('L164', 'Engenharia do Ambiente e Geoinformática', 42),
('L165', 'Videojogos', 21),
('L166', 'Negócios e Comércio Internacional', 34),
('L167', 'Matemática Aplicada à Gestão do Risco', 46),
('L169', 'Tecnologia e Gestão Agroindustrial', 54),
('L170', 'Artes Digitais e Multimédia', 21),
('L171', 'Design de Animação e Multimédia', 21),
('L173', 'Estudos de Filosofia e de Cultura Contemporânea', 22),
('L174', 'Desporto, Condição Física e Bem-Estar', 81),
('L175', 'Música em Contextos Comunitários', 21),
('L177', 'Cinema Documental', 21),
('L178', 'Turismo em Espaços Rurais e Naturais', 42),
('L179', 'Produção Multimédia em Educação', 21),
('L180', 'Desenvolvimento de Jogos Digitais', 21),
('L181', 'Engenharia Informática Médica', 52),
('L182', 'Multimédia e Artes', 21),
('L183', 'Tecnologias Criativas', 21),
('L184', 'Música, variante de Formação Musical, Direção Coral e Instrumental', 21),
('L185', 'Empreendedorismo', 34),
('L186', 'Gestão da Edificação e Obras', 58),
('L187', 'Gestão e Planeamento em Turismo', 81),
('L188', 'Ciência de Dados', 48),
('L189', 'Ciência de Dados (regime pós-laboral)', 48),
('L190', 'Gestão Industrial e Inovação Tecnológica', 34),
('L191', 'Gestão do Turismo', 81),
('L192', 'Engenharia e Ciência de Dados', 52),
('L193', 'Matemática Aplicada e Ciência de Dados', 46),
('L194', 'Eletrónica e Mecânica Industrial', 52),
('L195', 'Ciências Militares, no Ramo de Administração', 86),
('L196', 'Mecânica e Informática Industrial', 52),
('L197', 'Gestão do Transporte Aéreo', 34),
('L198', 'Filosofia, Política e Economia', 22),
('L200', 'Gestão da Segurança, Emergência e Protecção Civil', 86),
('L201', 'Ciências Militares Navais, ramo de Administração Naval', 86),
('L204', 'Engenharia Biomédica e Biofísica', 52),
('L205', 'Física e Aplicações', 44),
('L206', 'Ciências Militares Aeronáuticas, especialidade de Administração Aeronáutica', 34),
('L207', 'Turismo e Gestão do Património Cultural', 81),
('L208', 'Engenharia de Computadores', 52),
('L209', 'Engenharia Eletrotécnica e de Computadores', 52),
('L210', 'Desenvolvimento de Jogos', 48),
('L214', 'Engenharia da Energia e Ambiente', 85),
('L215', 'Engenharia e Gestão de Sistemas de Informação', 48),
('L216', 'Ciências Militares Navais, ramo de Engenharia Naval', 86),
('L217', 'Engenharia de Computadores e Informática', 48),
('L218', 'Engenharia Eletrónica Industrial e Computadores', 52),
('L219', 'Ciências Militares Aeronáuticas, Especialidade de Engenharia', 52),
('L220', 'Animação e Criação Visual', 21),
('L221', 'Engenharia Aeroespacial', 52),
('L222', 'Engenharia Mecânica Militar', 52),
('L223', 'Engenharia Computacional', 52),
('L224', 'Engenharia Informática e Computação', 52),
('L225', 'Engenharia e Gestão da Produção de Moldes', 52),
('L226', 'Informática Industrial', 48),
('L227', 'Inteligência Artificial e Ciência de Dados', 48),
('L228', 'Engenharia Militar', 86),
('L229', 'Engenharia de Polímeros', 54),
('L230', 'Design e Produção de Moda', 21),
('L231', 'Engenharia de Micro e Nanotecnologias', 52),
('L232', 'Produção Digital em Comunicação de Marca', 21),
('L233', 'Engenharia Física Tecnológica', 44),
('L234', 'Tecnologias e Gestão de Sistemas Informação', 48),
('L235', 'Teologia', 22),
('L236', 'Engenharia de Minas e Geo-Ambiente', 54),
('L237', 'Engenharia e Biotecnologia Florestal', 62),
('L238', 'Engenharia Eletrotécnica Militar', 52),
('L239', 'Engenharia de Minas e Recursos Energéticos', 54),
('L240', 'Música, variante de Instrumento e Canto', 21),
('L241', 'Teatro, variante Direção de Cena e Produção', 21),
('L242', 'Gestão de Empresas do Turismo', 81),
('L243', 'Ciências Policiais', 86),
('L244', 'Ilustração e Desenho', 21);

-- --------------------------------------------------------

--
-- Estrutura da tabela `distritos`
--

DROP TABLE IF EXISTS `distritos`;
CREATE TABLE IF NOT EXISTS `distritos` (
  `ID` int(2) NOT NULL,
  `nome` varchar(45) DEFAULT NULL,
  PRIMARY KEY (`ID`)
) ENGINE=InnoDB DEFAULT CHARSET=utf8;

--
-- Extraindo dados da tabela `distritos`
--

INSERT INTO `distritos` (`ID`, `nome`) VALUES
(2, 'Aveiro'),
(3, 'Beja'),
(4, 'Braga'),
(5, 'Bragança'),
(6, 'Castelo Branco'),
(7, 'Coimbra'),
(8, 'Évora'),
(9, 'Faro'),
(10, 'Madeira'),
(11, 'Guarda'),
(13, 'Leiria'),
(14, 'Lisboa'),
(16, 'Portalegre'),
(17, 'Porto'),
(18, 'Santarém'),
(19, 'Setúbal'),
(20, 'Viana do Castelo'),
(21, 'Vila Real'),
(22, 'Viseu'),
(23, 'Açores');

-- --------------------------------------------------------

--
-- Estrutura da tabela `instituicoes`
--

DROP TABLE IF EXISTS `instituicoes`;
CREATE TABLE IF NOT EXISTS `instituicoes` (
  `ID` int(4) NOT NULL,
  `nome` varchar(128) DEFAULT NULL,
  `tipos_ensino_ID` int(11) DEFAULT NULL,
  `cod_postal` int(4) DEFAULT NULL,
  `rank` varchar(5) DEFAULT NULL,
  PRIMARY KEY (`ID`),
  KEY `fk_instituicoes_tipos_ensino1_idx` (`tipos_ensino_ID`)
) ENGINE=InnoDB DEFAULT CHARSET=utf8;

--
-- Extraindo dados da tabela `instituicoes`
--

INSERT INTO `instituicoes` (`ID`, `nome`, `tipos_ensino_ID`, `cod_postal`, `rank`) VALUES
(140, 'Universidade dos Açores - Faculdade de Ciências Agrárias e do Ambiente', 11, 9700, '13'),
(150, 'Universidade dos Açores - Faculdade de Ciências Sociais e Humanas', 11, 9501, '13'),
(160, 'Universidade dos Açores - Faculdade de Ciências e Tecnologia', 11, 9501, '13'),
(170, 'Universidade dos Açores - Faculdade de Economia e Gestão', 11, 9501, '13'),
(201, 'Universidade do Algarve - Faculdade de Ciências Humanas e Sociais', 11, 8005, '10'),
(203, 'Universidade do Algarve - Faculdade de Ciências e Tecnologia', 11, 8005, '10'),
(204, 'Universidade do Algarve - Faculdade de Economia', 11, 8005, '10'),
(206, 'Universidade do Algarve - Faculdade de Medicina e Ciências Biomédicas', 11, 8005, '10'),
(300, 'Universidade de Aveiro', 11, 3810, '8'),
(400, 'Universidade da Beira Interior', 11, 6201, '11'),
(501, 'Universidade de Coimbra - Faculdade de Ciências e Tecnologia', 11, 3030, '3'),
(502, 'Universidade de Coimbra - Faculdade de Direito', 11, 3004, '3'),
(503, 'Universidade de Coimbra - Faculdade de Economia', 11, 3004, '3'),
(504, 'Universidade de Coimbra - Faculdade de Farmácia', 11, 3000, '3'),
(505, 'Universidade de Coimbra - Faculdade de Letras', 11, 3004, '3'),
(506, 'Universidade de Coimbra - Faculdade de Medicina', 11, 3000, '3'),
(507, 'Universidade de Coimbra - Faculdade de Psicologia e de Ciências da Educação', 11, 3001, '3'),
(508, 'Universidade de Coimbra - Faculdade de Ciências do Desporto e Educação Física', 11, 3040, '3'),
(602, 'Universidade de Évora - Escola de Ciências e Tecnologia', 11, 7000, '9'),
(603, 'Universidade de Évora - Escola de Artes', 11, 7000, '9'),
(604, 'Universidade de Évora - Escola de Ciências Sociais', 11, 7002, '9'),
(901, 'Universidade Nova de Lisboa - Faculdade de Ciências Médicas', 11, 1169, '4'),
(902, 'Universidade Nova de Lisboa - Faculdade de Ciências Sociais e Humanas', 11, 1069, '4'),
(903, 'Universidade Nova de Lisboa - Faculdade de Ciências e Tecnologia', 11, 2829, '4'),
(904, 'Universidade Nova de Lisboa - Faculdade de Economia', 11, 2775, '4'),
(906, 'Universidade Nova de Lisboa - Instituto Superior de Estatística e Gestão de Informação', 11, 1070, '4'),
(911, 'Universidade Nova de Lisboa - Faculdade de Direito', 11, 1099, '4'),
(1000, 'Universidade do Minho', 11, 4704, '5'),
(1101, 'Universidade do Porto - Faculdade de Ciências da Nutrição e da Alimentação', 11, 4150, '1'),
(1102, 'Universidade do Porto - Faculdade de Arquitetura', 11, 4150, '1'),
(1103, 'Universidade do Porto - Faculdade de Ciências', 11, 4169, '1'),
(1104, 'Universidade do Porto - Faculdade de Economia', 11, 4200, '1'),
(1105, 'Universidade do Porto - Faculdade de Engenharia', 11, 4200, '1'),
(1106, 'Universidade do Porto - Faculdade de Farmácia', 11, 4050, '1'),
(1107, 'Universidade do Porto - Faculdade de Letras', 11, 4150, '1'),
(1108, 'Universidade do Porto - Faculdade de Medicina', 11, 4200, '1'),
(1109, 'Universidade do Porto - Faculdade de Psicologia e de Ciências da Educação', 11, 4200, '1'),
(1110, 'Universidade do Porto - Instituto de Ciências Biomédicas Abel Salazar', 11, 4050, '1'),
(1111, 'Universidade do Porto - Faculdade de Desporto', 11, 4200, '1'),
(1113, 'Universidade do Porto - Faculdade de Medicina Dentária', 11, 4200, '1'),
(1114, 'Universidade do Porto - Faculdade de Direito', 11, 4050, '1'),
(1201, 'Universidade de Trás-os-Montes e Alto Douro - Escola de Ciências Agrárias e Veterinárias', 11, 5000, '19'),
(1202, 'Universidade de Trás-os-Montes e Alto Douro - Escola de Ciências Humanas e Sociais', 11, 5000, '19'),
(1203, 'Universidade de Trás-os-Montes e Alto Douro - Escola de Ciências e Tecnologia', 11, 5000, '19'),
(1204, 'Universidade de Trás-os-Montes e Alto Douro - Escola de Ciências da Vida e do Ambiente', 11, 5000, '19'),
(1306, 'Universidade da Madeira - Faculdade de Artes e Humanidades', 11, 9020, '18'),
(1307, 'Universidade da Madeira - Faculdade de Ciências Exatas e da Engenharia', 11, 9020, '18'),
(1308, 'Universidade da Madeira - Faculdade de Ciências Sociais', 11, 9020, '18'),
(1309, 'Universidade da Madeira - Faculdade de Ciências da Vida', 11, 9020, '18'),
(1320, 'Universidade da Madeira - Escola Superior de Saúde', 12, 9020, '18'),
(1321, 'Universidade da Madeira - Escola Superior de Tecnologias e Gestão', 12, 9020, '18'),
(1501, 'Universidade de Lisboa - Faculdade de Arquitetura', 11, 1349, '2'),
(1502, 'Universidade de Lisboa - Faculdade de Belas-Artes', 11, 1249, '2'),
(1503, 'Universidade de Lisboa - Faculdade de Ciências', 11, 1749, '2'),
(1504, 'Universidade de Lisboa - Faculdade de Direito', 11, 1649, '2'),
(1505, 'Universidade de Lisboa - Faculdade de Farmácia', 11, 1649, '2'),
(1506, 'Universidade de Lisboa - Faculdade de Letras', 11, 1600, '2'),
(1507, 'Universidade de Lisboa - Faculdade de Medicina', 11, 1649, '2'),
(1508, 'Universidade de Lisboa - Faculdade de Medicina Dentária', 11, 1600, '2'),
(1509, 'Universidade de Lisboa - Faculdade de Medicina Veterinária', 11, 1300, '2'),
(1510, 'Universidade de Lisboa - Faculdade de Motricidade Humana', 11, 1499, '2'),
(1511, 'Universidade de Lisboa - Faculdade de Psicologia', 11, 1649, '2'),
(1513, 'Universidade de Lisboa - Instituto de Educação', 11, 1649, '2'),
(1514, 'Universidade de Lisboa - Instituto de Geografia e Ordenamento do Território', 11, 1600, '2'),
(1515, 'Universidade de Lisboa - Instituto Superior de Agronomia', 11, 1349, '2'),
(1516, 'Universidade de Lisboa - Instituto Superior de Ciências Sociais e Políticas', 11, 1300, '2'),
(1517, 'Universidade de Lisboa - Instituto Superior de Economia e Gestão', 11, 1200, '2'),
(1518, 'Universidade de Lisboa - Instituto Superior Técnico', 11, 1049, '2'),
(1519, 'Universidade de Lisboa - Instituto Superior Técnico (Tagus Park)', 11, 2780, '2'),
(2100, 'Universidade Autónoma de Lisboa Luís de Camões', 21, 1169, '42'),
(2210, 'Universidade Católica Portuguesa - Escola Superior de Biotecnologia', 21, 4169, '7'),
(2218, 'Universidade Católica Portuguesa - Escola de Enfermagem (Lisboa)', 22, 1649, '7'),
(2219, 'Universidade Católica Portuguesa - Escola de Enfermagem (Porto)', 22, 1649, '7'),
(2220, 'Universidade Católica Portuguesa - Faculdade de Ciências Humanas', 21, 1649, '7'),
(2223, 'Universidade Católica Portuguesa - Faculdade de Filosofia e Ciências Sociais', 21, 4710, '7'),
(2227, 'Universidade Católica Portuguesa - Faculdade de Medicina Dentária', 21, 1649, '7'),
(2228, 'Universidade Católica Portuguesa - Instituto de Gestão e das Organizações da Saúde', 21, 1649, '7'),
(2240, 'Universidade Católica Portuguesa - Faculdade de Teologia', 21, 1649, '7'),
(2265, 'Universidade Católica Portuguesa - Escola das Artes', 21, 4169, '7'),
(2270, 'Universidade Católica Portuguesa - Faculdade de Ciências Económicas e Empresariais', 21, 1649, '7'),
(2271, 'Universidade Católica Portuguesa - Faculdade de Economia e Gestão', 21, 4169, '7'),
(2280, 'Universidade Católica Portuguesa - Faculdade de Direito', 21, 1649, '7'),
(2281, 'Universidade Católica Portuguesa - Faculdade de Direito (Porto)', 21, 4169, '7'),
(2289, 'Universidade Católica Portuguesa - Faculdade de Educação e Psicologia', 21, 4169, '7'),
(2295, 'Universidade Católica Portuguesa - Instituto de Estudos Políticos', 21, 1649, '7'),
(2299, 'Universidade Católica Portuguesa - Faculdade de Medicina', 21, 1649, '7'),
(2400, 'Universidade Lusíada', 21, 1349, '30'),
(2403, 'Universidade Lusíada - Norte - Porto', 21, 4369, '30'),
(2404, 'Universidade Lusíada - Norte - Vila Nova de Famalicão', 21, 4760, '30'),
(2500, 'Universidade Portucalense Infante D. Henrique', 21, 4200, '22'),
(2710, 'Atlântica - Instituto Universitário', 21, 2730, NULL),
(2750, 'Universidade Fernando Pessoa', 21, 4249, '21'),
(2800, 'Universidade Lusófona de Humanidades e Tecnologias', 21, 1749, NULL),
(3011, 'Universidade de Aveiro - Instituto Superior de Contabilidade e Administração de Aveiro', 12, 3810, '8'),
(3012, 'Universidade de Aveiro - Escola Superior de Tecnologia e Gestão de Águeda', 12, 3750, '8'),
(3013, 'Universidade de Aveiro - Escola Superior de Saúde de Aveiro', 12, 3810, '8'),
(3014, 'Universidade de Aveiro - Escola Superior de Design, Gestão e Tecnologia da Produção de Aveiro-Norte', 12, 3720, '8'),
(3021, 'Instituto Politécnico de Beja - Escola Superior Agrária', 12, 7800, '29'),
(3022, 'Instituto Politécnico de Beja - Escola Superior de Educação', 12, 7800, '29'),
(3023, 'Instituto Politécnico de Beja - Escola Superior de Tecnologia e de Gestão', 12, 7800, '29'),
(3031, 'Instituto Politécnico do Cávado e do Ave - Escola Superior de Gestão', 12, 4750, '36'),
(3032, 'Instituto Politécnico do Cávado e do Ave - Escola Superior de Tecnologia', 12, 4750, '36'),
(3033, 'Instituto Politécnico do Cávado e do Ave - Escola Superior de Design', 12, 4750, '36'),
(3034, 'Instituto Politécnico do Cávado e do Ave - Escola Superior de Hotelaria e Turismo', 12, 4750, '36'),
(3041, 'Instituto Politécnico de Bragança - Escola Superior Agrária de Bragança', 12, 5301, '14'),
(3042, 'Instituto Politécnico de Bragança - Escola Superior de Educação de Bragança', 12, 5301, '14'),
(3043, 'Instituto Politécnico de Bragança - Escola Superior de Tecnologia e de Gestão de Bragança', 12, 5301, '14'),
(3045, 'Instituto Politécnico de Bragança - Escola Superior de Comunicação, Administração e Turismo de Mirandela', 12, 5370, '14'),
(3051, 'Instituto Politécnico de Castelo Branco - Escola Superior Agrária de Castelo Branco', 12, 6001, '26'),
(3052, 'Instituto Politécnico de Castelo Branco - Escola Superior de Educação de Castelo Branco', 12, 6000, '26'),
(3053, 'Instituto Politécnico de Castelo Branco - Escola Superior de Tecnologia de Castelo Branco', 12, 6000, '26'),
(3054, 'Instituto Politécnico de Castelo Branco - Escola Superior de Gestão de Idanha-a-Nova', 12, 6060, '26'),
(3055, 'Instituto Politécnico de Castelo Branco - Escola Superior de Artes Aplicadas', 12, 6000, '26'),
(3061, 'Instituto Politécnico de Coimbra - Escola Superior Agrária de Coimbra', 12, 3045, '32'),
(3062, 'Instituto Politécnico de Coimbra - Escola Superior de Educação de Coimbra', 12, 3030, '32'),
(3063, 'Instituto Politécnico de Coimbra - Instituto Superior de Contabilidade e Administração de Coimbra', 12, 3040, '32'),
(3064, 'Instituto Politécnico de Coimbra - Instituto Superior de Engenharia de Coimbra', 12, 3030, '32'),
(3065, 'Instituto Politécnico de Coimbra - Escola Superior de Tecnologia e Gestão de Oliveira do Hospital', 12, 3400, '32'),
(3081, 'Universidade do Algarve - Escola Superior de Educação e Comunicação', 12, 8005, '10'),
(3082, 'Universidade do Algarve - Escola Superior de Gestão, Hotelaria e Turismo', 12, 8005, '10'),
(3083, 'Universidade do Algarve - Instituto Superior de Engenharia', 12, 8005, '10'),
(3087, 'Universidade do Algarve - Escola Superior de Gestão, Hotelaria e Turismo (Portimão)', 12, 8501, '10'),
(3091, 'Instituto Politécnico da Guarda - Escola Superior de Educação, Comunicação e Desporto', 12, 6300, '28'),
(3092, 'Instituto Politécnico da Guarda - Escola Superior de Tecnologia e Gestão', 12, 6300, '28'),
(3095, 'Instituto Politécnico da Guarda - Escola Superior de Turismo e Hotelaria', 12, 6270, '28'),
(3101, 'Instituto Politécnico de Leiria - Escola Superior de Educação e Ciências Sociais', 12, 2411, '17'),
(3102, 'Instituto Politécnico de Leiria - Escola Superior de Tecnologia e Gestão', 12, 2411, '17'),
(3103, 'Instituto Politécnico de Leiria - Escola Superior de Artes e Design', 12, 2500, '17'),
(3105, 'Instituto Politécnico de Leiria - Escola Superior de Turismo e Tecnologia do Mar', 12, 2520, '17'),
(3110, 'Instituto Politécnico de Lisboa', 12, 1549, '20'),
(3111, 'Instituto Politécnico de Lisboa - Escola Superior de Dança', 12, 1959, '20'),
(3112, 'Instituto Politécnico de Lisboa - Escola Superior de Educação', 12, 1549, '20'),
(3113, 'Instituto Politécnico de Lisboa - Escola Superior de Comunicação Social', 12, 1549, '20'),
(3114, 'Instituto Politécnico de Lisboa - Escola Superior de Música', 12, 1500, '20'),
(3116, 'Instituto Politécnico de Lisboa - Escola Superior de Teatro e Cinema', 12, 2700, '20'),
(3117, 'Instituto Politécnico de Lisboa - Instituto Superior de Contabilidade e Administração de Lisboa', 12, 1069, '20'),
(3118, 'Instituto Politécnico de Lisboa - Instituto Superior de Engenharia de Lisboa', 12, 1959, '20'),
(3121, 'Instituto Politécnico de Portalegre - Escola Superior de Educação e Ciências Sociais', 12, 7301, '33'),
(3122, 'Instituto Politécnico de Portalegre - Escola Superior de Tecnologia e Gestão', 12, 7300, '33'),
(3123, 'Instituto Politécnico de Portalegre - Escola Superior Agrária de Elvas', 12, 7350, '33'),
(3131, 'Instituto Politécnico do Porto - Escola Superior de Educação', 12, 4200, '12'),
(3132, 'Instituto Politécnico do Porto - Escola Superior de Música e Artes do Espectáculo', 12, 4000, '12'),
(3134, 'Instituto Politécnico do Porto - Instituto Superior de Contabilidade e Administração do Porto', 12, 4465, '12'),
(3135, 'Instituto Politécnico do Porto - Instituto Superior de Engenharia do Porto', 12, 4200, '12'),
(3138, 'Instituto Politécnico do Porto - Escola Superior de Tecnologia e Gestão', 12, 4610, '12'),
(3139, 'Instituto Politécnico do Porto - Escola Superior de Hotelaria e Turismo', 12, 4480, '12'),
(3141, 'Instituto Politécnico de Santarém - Escola Superior Agrária de Santarém', 12, 2001, '24'),
(3142, 'Instituto Politécnico de Santarém - Escola Superior de Educação de Santarém', 12, 2001, '24'),
(3143, 'Instituto Politécnico de Santarém - Escola Superior de Gestão e Tecnologia de Santarém', 12, 2001, '24'),
(3145, 'Instituto Politécnico de Santarém - Escola Superior de Desporto de Rio Maior', 12, 2040, '24'),
(3151, 'Instituto Politécnico de Setúbal - Escola Superior de Educação', 12, 2914, '23'),
(3152, 'Instituto Politécnico de Setúbal - Escola Superior de Tecnologia de Setúbal', 12, 2910, '23'),
(3153, 'Instituto Politécnico de Setúbal - Escola Superior de Ciências Empresariais', 12, 2910, '23'),
(3154, 'Instituto Politécnico de Setúbal - Escola Superior de Tecnologia do Barreiro', 12, 2839, '23'),
(3155, 'Instituto Politécnico de Setúbal - Escola Superior de Saúde', 12, 2914, '23'),
(3161, 'Instituto Politécnico de Viana do Castelo - Escola Superior Agrária', 12, 4990, '35'),
(3162, 'Instituto Politécnico de Viana do Castelo - Escola Superior de Educação', 12, 4901, '35'),
(3163, 'Instituto Politécnico de Viana do Castelo - Escola Superior de Tecnologia e Gestão', 12, 4900, '35'),
(3164, 'Instituto Politécnico de Viana do Castelo - Escola Superior de Ciências Empresariais', 12, 4930, '35'),
(3165, 'Instituto Politécnico de Viana do Castelo - Escola Superior de Desporto e Lazer', 12, 4960, '35'),
(3181, 'Instituto Politécnico de Viseu - Escola Superior de Educação de Viseu', 12, 3504, '16'),
(3182, 'Instituto Politécnico de Viseu - Escola Superior de Tecnologia e Gestão de Viseu', 12, 3500, '16'),
(3185, 'Instituto Politécnico de Viseu - Escola Superior Agrária de Viseu', 12, 3500, '16'),
(3186, 'Instituto Politécnico de Viseu - Escola Superior de Tecnologia e Gestão de Lamego', 12, 5100, '16'),
(3241, 'Instituto Politécnico de Tomar - Escola Superior de Gestão de Tomar', 12, 2300, '27'),
(3242, 'Instituto Politécnico de Tomar - Escola Superior de Tecnologia de Tomar', 12, 2300, '27'),
(3243, 'Instituto Politécnico de Tomar - Escola Superior de Tecnologia de Abrantes', 12, 2200, '27'),
(3331, 'Instituto Politécnico do Porto - Escola Superior de Media Artes e Design', 12, 4480, '12'),
(4002, 'Academia Nacional Superior de Orquestra', 22, 1349, 'Un'),
(4010, 'Escola Superior Artística do Porto', 21, 4050, '48'),
(4020, 'Escola Superior de Atividades Imobiliárias', 22, 1950, '83'),
(4025, 'Escola Superior Gallaecia', 21, 4920, '68'),
(4032, 'Universidade Lusófona do Porto', 21, 4000, '41'),
(4069, 'Escola Superior de Artes e Design', 22, 4460, '43'),
(4076, 'Escola Superior de Educação de Fafe', 22, 4824, NULL),
(4080, 'Escola Superior de Educação de João de Deus', 22, 1269, '87'),
(4085, 'Escola Superior de Educação de Paula Frassinetti', 22, 4000, '50'),
(4089, 'Escola Superior de Saúde Norte da Cruz Vermelha Portuguesa', 22, 3720, '49'),
(4091, 'Escola Superior de Saúde da Cruz Vermelha Portuguesa - Lisboa', 22, 1300, '72'),
(4096, 'Escola Superior de Enfermagem São Francisco das Misericórdias', 22, 1169, '80'),
(4097, 'Escola Superior de Saúde de Santa Maria', 22, 4049, '76'),
(4098, 'Escola Superior de Enfermagem de São José de Cluny', 22, 9050, '85'),
(4103, 'Escola Superior de Saúde Jean Piaget de Viseu', 22, 3515, NULL),
(4105, 'Escola Superior de Saúde do Alcoitão', 22, 2649, '47'),
(4106, 'Escola Superior de Saúde Egas Moniz', 22, 2829, '61'),
(4108, 'CESPU - Instituto Politécnico de Saúde do Norte - Escola Superior de Saúde do Vale do Ave', 22, 4760, NULL),
(4109, 'CESPU - Instituto Politécnico de Saúde do Norte - Escola Superior de Saúde do Vale do Sousa', 22, 4585, NULL),
(4110, 'Escola Superior de Enfermagem Cruz Vermelha Portuguesa - Alto Tâmega', 22, 5400, '55'),
(4115, 'Escola Superior de Tecnologias de Fafe', 22, 4824, NULL),
(4126, 'Escola Universitária Vasco da Gama', 21, 3020, '81'),
(4141, 'Escola Superior de Negócios Atlântico', 22, 4405, '79'),
(4155, 'Instituto Português de Administração de Marketing do Porto', 22, 4100, '45'),
(4156, 'Instituto Português de Administração de Marketing de Lisboa', 22, 1500, '45'),
(4200, 'Instituto Superior de Administração e Gestão', 22, 4100, '53'),
(4220, 'Instituto Superior de Administração e Línguas', 22, 9050, '73'),
(4260, 'Instituto Universitário Egas Moniz', 21, 2829, NULL),
(4261, 'Instituto Universitário de Ciências da Saúde', 21, 4585, '37'),
(4270, 'ISCE - Instituto Superior de Lisboa e Vale do Tejo', 22, 2620, NULL),
(4271, 'Instituto Superior de Ciências Educativas do Douro', 22, 4560, '86'),
(4277, 'Instituto Superior de Ciências da Informação e da Administração', 22, 3811, '67'),
(4280, 'Instituto Superior de Ciências Empresariais e do Turismo', 22, 4050, '65'),
(4283, 'Instituto Superior de Entre Douro e Vouga', 22, 4520, '66'),
(4292, 'Instituto Superior D. Dinis', 22, 2430, '77'),
(4298, 'ISEC Lisboa - Instituto Superior de Educação e Ciências', 22, 1750, NULL),
(4300, 'Instituto Superior de Gestão', 21, 1700, '56'),
(4306, 'Instituto Superior de Estudos Interculturais e Transdisciplinares de Almada', 21, 2809, NULL),
(4308, 'Instituto Superior de Estudos Interculturais e Transdisciplinares de Viseu', 21, 3515, NULL),
(4350, 'Universidade Europeia', 21, 1500, '25'),
(4352, 'ISLA - Instituto Superior de Gestão e Administração de Santarém', 22, 2000, NULL),
(4375, 'Instituto Superior Manuel Teixeira Gomes', 21, 8500, '62'),
(4442, 'Instituto Superior Politécnico Gaya - Escola Superior de Ciência e Tecnologia', 22, 4400, '51'),
(4444, 'Instituto Superior Politécnico Gaya - Escola Superior de Ciências Empresariais', 22, 4400, '51'),
(4450, 'ISPA - Instituto Universitário de Ciências Psicológicas, Sociais e da Vida', 21, 1149, NULL),
(4460, 'ISAVE - Instituto Superior de Saúde', 22, 4720, NULL),
(4500, 'Instituto Superior Miguel Torga', 21, 3000, '60'),
(4520, 'Instituto Superior de Serviço Social do Porto', 21, 4460, '71'),
(4530, 'Instituto Superior de Tecnologias Avançadas de Lisboa', 22, 1750, '54'),
(4571, 'ISLA - Instituto Politécnico de Gestão e Tecnologia - Escola Superior de Gestão', 22, 4400, NULL),
(4572, 'ISLA - Instituto Politécnico de Gestão e Tecnologia - Escola Superior de Tecnologia', 22, 4400, NULL),
(4581, 'Instituto Politécnico da Maia - Escola Superior de Ciências Sociais, Educação e Desporto', 22, 4475, '44'),
(4582, 'Instituto Politécnico da Maia - Escola Superior de Tecnologia e Gestão', 22, 4475, '44'),
(4590, 'Escola Superior de Saúde Atlântica', 22, 2730, NULL),
(4601, 'Instituto Politécnico Jean Piaget do Sul - Escola Superior de Educação Jean Piaget de Almada', 22, 2805, NULL),
(4602, 'Instituto Politécnico Jean Piaget do Sul - Escola Superior de Tecnologia e Gestão Jean Piaget', 22, 2805, NULL),
(4603, 'Instituto Politécnico Jean Piaget do Sul - Escola Superior de Saúde Jean Piaget do Algarve', 22, 8300, NULL),
(4612, 'Instituto Politécnico da Lusofonia - Escola Superior de Ciências da Administração', 22, 1950, '64'),
(4614, 'Instituto Politécnico da Lusofonia - Escola Superior de Saúde Ribeiro Sanches', 22, 1950, '64'),
(4615, 'Instituto Politécnico da Lusofonia - Escola Superior de Saúde, Proteção e Bem-Estar Animal', 22, 1950, '64'),
(4616, 'Instituto Politécnico da Lusofonia - Escola Superior de Educação da Lusofonia', 22, 1950, '64'),
(4620, 'Universidade Fernando Pessoa - Escola Superior de Saúde da Fundação «Fernando Pessoa»', 22, 4200, '21'),
(4626, 'Inst.Polit. Jean Piaget do Norte-Esc.Sup. Saúde Jean Piaget de Vila Nova de Gaia', 22, 4405, NULL),
(4627, 'Escola Superior de Desporto e Educação Jean Piaget de Vila Nova de Gaia', 22, 4405, NULL),
(4630, 'Universidade da Maia', 21, 4475, NULL),
(4640, 'Instituto Superior de Tecnologias Avançadas do Porto (ISTEC Porto)', 22, 4000, NULL),
(5402, 'Universidade do Porto - Faculdade de Belas-Artes', 11, 4049, '1'),
(6800, 'ISCTE - Instituto Universitário de Lisboa', 11, 1649, NULL),
(7001, 'Escola Superior de Enfermagem de Coimbra', 12, 3004, '38'),
(7002, 'Escola Superior de Enfermagem de Lisboa', 12, 1600, '58'),
(7003, 'Escola Superior de Enfermagem do Porto', 12, 4200, '57'),
(7005, 'Instituto Politécnico de Beja - Escola Superior de Saúde', 12, 7800, '29'),
(7010, 'Universidade do Minho - Escola Superior de Enfermagem', 12, 4710, '5'),
(7015, 'Instituto Politécnico de Bragança - Escola Superior de Saúde de Bragança', 12, 5300, '14'),
(7020, 'Instituto Politécnico de Castelo Branco - Escola Superior de Saúde Dr. Lopes Dias', 12, 6000, '26'),
(7030, 'Universidade de Évora - Escola Superior de Enfermagem de São João de Deus', 12, 7000, '9'),
(7035, 'Universidade do Algarve - Escola Superior de Saúde', 12, 8000, '10'),
(7040, 'Instituto Politécnico da Guarda - Escola Superior de Saúde da Guarda', 12, 6300, '28'),
(7045, 'Instituto Politécnico de Leiria - Escola Superior de Saúde', 12, 2411, '17'),
(7055, 'Instituto Politécnico de Portalegre - Escola Superior de Saúde', 12, 7300, '33'),
(7065, 'Instituto Politécnico de Santarém - Escola Superior de Saúde de Santarém', 12, 2005, '24'),
(7075, 'Instituto Politécnico de Viana do Castelo - Escola Superior de Saúde', 12, 4900, '35'),
(7080, 'Universidade de Trás-os-Montes e Alto Douro - Escola Superior de Saúde', 12, 5000, '19'),
(7085, 'Instituto Politécnico de Viseu - Escola Superior de Saúde de Viseu', 12, 3500, '16'),
(7092, 'Universidade dos Açores - Escola Superior de Saúde - Angra do Heroísmo', 12, 9700, '13'),
(7093, 'Universidade dos Açores - Escola Superior de Saúde - Ponta Delgada', 12, 9500, '13'),
(7105, 'Escola Superior Náutica Infante D. Henrique', 12, 2780, '63'),
(7110, 'Escola Superior de Hotelaria e Turismo do Estoril', 12, 2765, '39'),
(7210, 'Instituto Politécnico de Coimbra - Escola Superior de Tecnologia da Saúde de Coimbra', 12, 3040, '32'),
(7220, 'Instituto Politécnico de Lisboa - Escola Superior de Tecnologia da Saúde de Lisboa', 12, 1990, '20'),
(7230, 'Instituto Politécnico do Porto - Escola Superior de Saúde', 12, 4400, '12'),
(7530, 'Instituto Superior de Ciências Policiais e Segurança Interna', 13, 1349, NULL),
(7710, 'Instituto Universitário Militar - Escola Naval', 13, 2810, NULL),
(7711, 'Instituto Universitário Militar - Academia Militar', 13, 1169, NULL),
(7712, 'Instituto Universitário Militar - Academia da Força Aérea', 13, 2715, NULL);

-- --------------------------------------------------------

--
-- Estrutura da tabela `instituicoes_has_curso`
--

DROP TABLE IF EXISTS `instituicoes_has_curso`;
CREATE TABLE IF NOT EXISTS `instituicoes_has_curso` (
  `cursos_ID` varchar(6) NOT NULL,
  `instituicoes_ID` int(4) NOT NULL,
  `nota_ult_1fase` varchar(40) DEFAULT NULL,
  `nota_ult_2fase` varchar(40) DEFAULT NULL,
  `plano_curso` text COMMENT 'Tabela do plano de cursos',
  PRIMARY KEY (`cursos_ID`,`instituicoes_ID`),
  KEY `fk_instituicoes_has_curso_instituicoes1_idx` (`instituicoes_ID`)
) ENGINE=InnoDB DEFAULT CHARSET=utf8;

--
-- Extraindo dados da tabela `instituicoes_has_curso`
--

INSERT INTO `instituicoes_has_curso` (`cursos_ID`, `instituicoes_ID`, `nota_ult_1fase`, `nota_ult_2fase`, `plano_curso`) VALUES
('8002', 3131, '154,1', '164,2', 'https://www.ipp.pt/ensino/cursos/licenciatura/ese/463'),
('8005', 3011, '139,5', '144,7', 'https://www.ua.pt/pt/curso/447'),
('8005', 3134, '148,8', '145,7', 'https://www.iscap.ipp.pt/cursos/licenciatura/570'),
('8009', 3110, 'Informação não disponível', 'Informação não disponível', 'https://www.eselx.ipl.pt/curso/licenciatura/musica-na-comunidade'),
('8011', 7110, '108,6', '117,4', 'https://www.eshte.pt/pt/artigos/licenciaturas/producao-alimentar-em-restauracao'),
('8014', 1516, '135,5', '146,5', 'https://www.iscsp.ulisboa.pt/pt/cursos/oferta-graduada/licenciaturas/servico-social'),
('8014', 3101, '119,5', '129,6', 'https://www.ipleiria.pt/curso/licenciatura-em-servico-social/'),
('8014', 3121, ' ', '125,4', 'https://www.ipportalegre.pt/oferta-formativa/servico-social-pos-laboral'),
('8014', 3186, '115,8', '111,7', 'https://www.ipv.pt/homepage/estudar/nacional/licenciaturas/cursos/'),
('8014', 6800, '140,5', '146,5', 'https://www.iscte-iul.pt/curso/55/licenciatura-servico-social'),
('8015', 3031, '131,5', '144,8', 'https://esg.ipca.pt/curso/solicitadoria-lic/'),
('8015', 3102, '117,8', '131,2', 'https://www.ipleiria.pt/curso/licenciatura-em-solicitadoria/'),
('8015', 3117, '134,3', '140,2', 'https://www.iscal.ipl.pt/cursos/1782/plano-de-estudos'),
('8015', 3138, '138,9', '150,0', 'https://www.estg.ipp.pt/cursos/licenciatura/622'),
('8016', 3012, '115,8', '123,3', 'https://www.ua.pt/pt/curso/63'),
('8026', 3132, 'Informação não disponível', 'Informação não disponível', 'https://www.ipp.pt/ensino/cursos/licenciatura/esmae/40001580'),
('8027', 3132, 'Informação não disponível', 'Informação não disponível', 'https://www.ipp.pt/ensino/cursos/licenciatura/esmae/40001582'),
('8028', 3132, 'Informação não disponível', 'Informação não disponível', 'https://www.esmae.ipp.pt/cursos/licenciatura/40001583'),
('8029', 3063, '145,0', '150,0', 'https://www.ipc.pt/ipc/oferta-formativa/licenciatura-em-financas-e-contabilidade/'),
('8029', 6800, '162,5', '167,0', 'https://www.iscte-iul.pt/curso/28/licenciatura-financas-contabilidade/planoestudos'),
('8031', 140, '141,8', '163,0', 'https://uac.pt/ensino/curso.php?id=4094&l=PT&a=2020/2021&f=FCAA'),
('8036', 903, '149,4', '148,0', 'https://www.fct.unl.pt/ensino/curso/licenciatura-em-conservacao-restauro'),
('8042', 2800, 'Informação não disponível', 'Informação não disponível', 'https://www.ulusofona.pt/licenciatura/gestao-aeronautica'),
('8042', 4298, 'Informação não disponível', 'Informação não disponível', 'https://www.iseclisboa.pt/index.php/pt/'),
('8058', 2400, 'Informação não disponível', 'Informação não disponível', 'https://www.lis.ulusiada.pt/pt-pt/cursos/1314/1%C2%BAciclo%E2%80%93licenciaturasemestradosintegrados/pol%C3%ADticasdeseguran%C3%A7a.aspx'),
('8059', 4260, 'Informação não disponível', 'Informação não disponível', 'https://www.egasmoniz.com.pt/pt-pt/ensino/iuem/cursos/licenciaturas-e-mestrados-integrados/licenciatura-em-ci%C3%AAncias-forenses-e-criminais/plano-de-estudos.aspx'),
('8067', 502, '159,0', '159,5', 'https://apps.uc.pt/courses/PT/programme/1514/2021-2022?id_branch=17621'),
('8083', 160, '182,5', ' ', 'https://uac.pt/ensino/curso.php?id=4309&l=PT&a=2020/2021&f=FCT'),
('8083', 1309, '182,8', ' ', 'https://www.uma.pt/ensino/1o-ciclo/mestrado-integrado-em-medicina/'),
('8086', 140, '167,7', '166,0', 'https://uac.pt/ensino/curso.php?id=4362&l=PT&a=2020/2021&f=FCAA'),
('8093', 3062, '113,1', '131,5', 'https://www.ipc.pt/pt/estudar/cursos/20369'),
('8096', 3131, '118,6', '127,1', 'https://www.ese.ipp.pt/cursos/licenciatura/814'),
('8097', 3138, '139,3', '137,9', 'https://www.estg.ipp.pt/cursos/licenciatura/472'),
('8102', 1516, '136,5', '146,0', 'https://www.iscsp.ulisboa.pt/pt/cursos/oferta-graduada/licenciaturas/administracao-publica-pos-laboral'),
('8104', 1506, '145,5', '146,0', 'https://www.ulisboa.pt/curso/licenciatura/estudos-artisticos-variante-de-artes-do-espectaculo'),
('8109', 902, '132,0', '147,0', 'https://www.novaims.unl.pt/mgi-gsti-regime-pos-laboral-plano-de-estudos'),
('8109', 1516, '129,5', '143,0', 'https://www.iscsp.ulisboa.pt/pt/cursos/oferta-graduada/licenciaturas/sociologia-pos-laboral/plano-de-estudos'),
('8109', 6800, '128,5', '146,0', 'https://www.iscte-iul.pt/curso/8/licenciatura-sociologia'),
('8111', 1516, '147,5', '153,5', 'https://www.iscsp.ulisboa.pt/pt/cursos/oferta-graduada/licenciaturas/gestao-de-recursos-humanos'),
('8111', 3153, '128,7', '134,0', 'https://www.esce.ips.pt/cursos/licenciaturas/grh'),
('8114', 3062, '121,7', '136,1', 'https://www.ipc.pt/pt/estudar/cursos/20085'),
('8114', 3163, '114,6', '113,6', 'https://www.ipvc.pt/cursos/turismo/'),
('8126', 3103, '131,8', '134,9', 'https://www.ipleiria.pt/curso/licenciatura-em-design-grafico-e-multimedia/'),
('8134', 4350, 'Informação não disponível', 'Informação não disponível', 'https://www.iade.europeia.pt/cursos/licenciaturas/licenciaturas/fotografia-e-cultura-visual'),
('8137', 4091, 'Informação não disponível', 'Informação não disponível', 'https://www.esscvp.eu/curso/licenciaturas/cardiopneumologia'),
('8138', 4097, 'Informação não disponível', 'Informação não disponível', 'https://www.santamariasaude.pt/licenciaturas/licenciatura-em-terapia-ocupacional/'),
('8138', 4105, 'Informação não disponível', 'Informação não disponível', 'http://www.essa.pt/portal/cursos/licenciaturas/licenciatura-em-terapia-ocupacional/'),
('8138', 7005, '107,5', '134,4', 'https://www.ipbeja.pt/cursos/ess-toc/Paginas/PlanodeEstudos.aspx'),
('8138', 7045, '133,8', '140,8', 'https://www.ipleiria.pt/curso/licenciatura-em-terapia-ocupacional/'),
('8138', 7230, '138,5', '143,5', 'https://www.ipp.pt/ensino/cursos/licenciatura/ess/552'),
('8141', 7210, '123,2', '137,7', 'https://www.ipc.pt/pt/estudar/cursos/20967'),
('8141', 7230, '132,0', '147,5', 'https://www.ess.ipp.pt/cursos/licenciatura/639'),
('8143', 7230, '141,0', '154,0', 'https://www.ipp.pt/ensino/cursos/licenciatura/ess/547'),
('8147', 3065, '131,7', '118,2', 'https://www.ipc.pt/ipc/oferta-formativa/licenciatura-em-sistemas-e-tecnologias-da-informacao/'),
('8149', 4460, 'Informação não disponível', 'Informação não disponível', 'https://isave.pt/ensino/licenciaturas/dietetica-e-nutricao/'),
('8149', 7015, '116,0', '130,6', 'http://portal3.ipb.pt/index.php/pt/guiaects/cursos/licenciaturas/curso?cod_escola=7015&cod_curso=8149'),
('8149', 7035, '130,5', '130,0', 'https://www.ualg.pt/en/curso/1519'),
('8149', 7045, '137,2', '141,4', 'https://www.ipleiria.pt/en/course/undergraduate-in-dietetics-and-nutrition/'),
('8149', 7210, '146,5', '146,1', 'https://www.ipc.pt/pt/estudar/cursos/21011'),
('8149', 7220, '155,0', '159,3', 'https://www.estesl.ipl.pt/cursos/licenciaturas/dietetica-e-nutricao'),
('8152', 7220, '135,8', '145,3', 'https://www.estesl.ipl.pt/cursos/licenciaturas/ortoprotesia'),
('8156', 3034, '135,5', '141,7', 'https://esht.ipca.pt/curso/gestao-de-atividades-turisticas/'),
('8158', 2800, 'Informação não disponível', 'Informação não disponível', 'https://www.ulusofona.pt/licenciatura/animacao-digital'),
('8163', 4032, 'Informação não disponível', 'Informação não disponível', 'https://www.ulp.pt/licenciaturas/turismo-e-gestao-de-empresas-turisticas'),
('8164', 4032, 'Informação não disponível', 'Informação não disponível', 'https://www.ulp.pt/licenciatura/ciencia-politica-e-estudos-eleitorais'),
('8166', 4032, 'Informação não disponível', 'Informação não disponível', 'https://www.ulp.pt/licenciatura/gestao-e-desenvolvimento-de-recursos-humanos'),
('8175', 2400, 'Informação não disponível', 'Informação não disponível', 'https://inspiring.future.pt/courses/jazz-e-musica-moderna-universidade-lusiada'),
('8181', 4298, 'Informação não disponível', 'Informação não disponível', 'https://www.iseclisboa.pt/index.php/pt/'),
('8183', 1000, '135,0', '131,0', 'https://www.ics.uminho.pt/pt/Ensino/Licenciaturas/Geografia-e-Planeamento/Paginas/Plano-de-Estudos.aspx'),
('8184', 400, '121,4', '128,0', 'https://www.ubi.pt/PlanoDeEstudos/2/1534/2020'),
('8184', 1000, '115,4', '124,2', 'https://www.uminho.pt/pt/ensino/oferta-educativa/_layouts/15/uminho.portalum.ui/pages/catalogocursodetail.aspx?itemid=2742&catid=8'),
('8187', 4352, 'Informação não disponível', 'Informação não disponível', 'https://www.islasantarem.pt/pt/ensino/cursos/licenciaturas/143-engenharia-da-seguranca-do-trabalho'),
('8187', 4572, 'Informação não disponível', 'Informação não disponível', 'https://www.islagaia.pt/pt/ensino/licenciaturas/engenharia-da-seguranca-do-trabalho.html'),
('8191', 7711, 'Informação não disponível', 'Informação não disponível', 'https://academiamilitar.pt/curso-de-ciencias-militares-na-especialidade-de-seguranca.html'),
('8193', 7711, 'Informação não disponível', 'Informação não disponível', 'https://academiamilitar.pt/curso-de-ciencias-militares-na-especialidade-de-seguranca.html'),
('8206', 7710, 'Informação não disponível', 'Informação não disponível', 'https://www.a3es.pt/pt/resultados-acreditacao/mestrado-em-ciencias-militares-navais-especialidade-de-marinha'),
('8209', 7710, 'Informação não disponível', 'Informação não disponível', 'https://inspiring.future.pt/courses/ciencias-militares-navais-especialidade-de-fuzileiro-mest-integrado-escola-naval'),
('8215', 7710, 'Informação não disponível', 'Informação não disponível', 'http://escolanaval.marinha.pt/pt/ensino'),
('8217', 7712, 'Informação não disponível', 'Informação não disponível', 'https://www.academiafa.edu.pt/p-495-pilav'),
('8249', 4091, 'Informação não disponível', 'Informação não disponível', 'https://esscvp.eu/curso/licenciaturas/podologia'),
('8249', 4108, 'Informação não disponível', 'Informação não disponível', 'https://www.cespu.pt/ensino/ensino-politecnico/detalhes-do-programa-de-estudos/?course=VAPOD'),
('8251', 604, '124,4', '135,4', 'https://www.uevora.pt/estudar/cursos/licenciaturas?curso=2477'),
('8257', 2210, 'Informação não disponível', 'Informação não disponível', 'https://m.porto.ucp.pt/pt/central-oferta-formativa/licenciatura-microbiologia'),
('8258', 203, '114,9', '118,3', 'https://www.ualg.pt/curso/1536'),
('8258', 1103, '137,5', '145,0', 'https://sigarra.up.pt/fcup/pt/cur_geral.cur_view?pv_ano_lectivo=2021&pv_curso_id=1011'),
('8258', 1515, '140,0', '150,5', 'https://fenix.isa.ulisboa.pt/qubEdu/cursos/lap'),
('8259', 906, '159,8', '149,2', 'https://www.novaims.unl.pt/lsti'),
('8262', 602, '131,6', '125,6', 'https://www.uevora.pt/estudar/cursos/licenciaturas?curso=2540'),
('8264', 3131, '153,7', '166,1', 'https://www.ese.ipp.pt/cursos/licenciatura/460'),
('8277', 4032, 'Informação não disponível', 'Informação não disponível', 'https://www.ulp.pt/undergraduate/engenharia-electrotecnica-de-sistemas-de-energia'),
('8283', 2800, 'Informação não disponível', 'Informação não disponível', 'https://www.ulusofona.pt/licenciatura/estudos-de-seguranca'),
('8288', 2500, 'Informação não disponível', 'Informação não disponível', 'https://www.upt.pt/curso.php?e=1014'),
('8288', 3138, '114,5', '131,8', 'https://www.estg.ipp.pt/cursos/licenciatura/630'),
('8296', 3182, '109,8', '120,7', 'https://www.estgv.ipv.pt/estgv/?v=10001'),
('8307', 3112, '140,5', '159,0', 'https://www.eselx.ipl.pt/curso/licenciatura/artes-visuais-e-tecnologias/plano-de-estudos'),
('8309', 3045, '105,0', '104,0', 'http://portal3.ipb.pt/index.php/pt/guiaects/cursos/licenciaturas/curso?cod_escola=3045&cod_curso=8309'),
('8311', 3032, '134,3', '139,1', 'https://est.ipca.pt/en/curso/digital-games-development/'),
('8313', 4032, 'Informação não disponível', 'Informação não disponível', 'https://www.ulp.pt/undergraduate/comunicacao-audiovisual-e-multimedia'),
('8316', 3135, '138,3', '155,7', 'https://www.ipp.pt/ensino/cursos/licenciatura/isep/126'),
('8317', 2750, 'Informação não disponível', 'Informação não disponível', 'https://www.ufp.pt/inicio/estudar-e-investigar/licenciaturas/gestao-da-qualidade-ambiente-e-seguranca/'),
('8323', 3042, '114,0', '107,0', 'http://portal3.ipb.pt/index.php/pt/guiaects/cursos/licenciaturas/curso?cod_escola=3042&cod_curso=8323'),
('8337', 3081, '116,7', '127,7', 'https://www.ualg.pt/en/curso/1670'),
('8339', 3091, '114,5', '109,4', 'http://www.esecd.ipg.pt/ensino_licenciatura.aspx?id=12&curso=Comunica%C3%A7%C3%A3o%20Multim%C3%A9dia'),
('8341', 3034, '121,0', '130,9', 'https://esht.ipca.pt/curso/gestao-de-atividades-turisticas/'),
('8342', 3062, '133,3', '143,3', 'https://www.ipc.pt/pt/estudar/cursos/20122'),
('8343', 3114, 'Informação não disponível', 'Informação não disponível', 'https://www.ipl.pt/estudar/cursos/licenciaturas/musica-variante-de-jazz'),
('8344', 3114, 'Informação não disponível', 'Informação não disponível', 'https://www.ipl.pt/estudar/cursos/licenciaturas/tecnologias-da-musica'),
('8358', 1000, '168,0', '171,6', 'https://www.uminho.pt/pt/ensino/oferta-educativa/_layouts/15/uminho.portalum.ui/pages/catalogocursodetail.aspx?itemid=3644&catid=11'),
('8358', 1504, '155,0', '157,0', 'https://www.fd.ulisboa.pt/courses/bachelorsprogramme/curriculum/'),
('8363', 1516, '129,0', '141,5', 'https://www.iscsp.ulisboa.pt/pt/cursos/oferta-graduada/licenciaturas/administracao-publica-e-politicas-do-territorio'),
('8364', 1516, '153,5', '156,0', 'https://www.iscsp.ulisboa.pt/pt/cursos/oferta-graduada/licenciaturas/relacoes-internacionais-pos-laboral'),
('8366', 6800, '150,5', '164,0', 'https://www.iscte-iul.pt/curso/6/licenciatura-informatica-gestao-de-empresas'),
('8371', 7711, 'Informação não disponível', 'Informação não disponível', 'https://academiamilitar.pt/curso-de-formacao-militar-complementar-do-mestrado-em-medicina.html'),
('8371', 7712, 'Informação não disponível', 'Informação não disponível', 'https://www.academiafa.edu.pt/p-501-med'),
('8372', 7711, 'Informação não disponível', 'Informação não disponível', 'https://academiamilitar.pt/curso-de-formacao-militar-complem-entar-do-mestrado-em-medicina-dentaria.html'),
('8374', 3042, '111,3', '120,9', 'http://portal3.ipb.pt/index.php/pt/guiaects/cursos/licenciaturas/curso?cod_escola=3042&cod_curso=8374'),
('8377', 1515, '113,0', '135,8', 'https://www.ulisboa.pt/curso/licenciatura/engenharia-florestal-e-dos-recursos-naturais'),
('8378', 4032, 'Informação não disponível', 'Informação não disponível', 'https://www.ulp.pt/undergraduate/estudos-europeus-estudos-lusofonos-e-relacoes-internacionais'),
('8384', 7711, 'Informação não disponível', 'Informação não disponível', 'https://academiamilitar.pt/curso-de-formacao-militar-complem-entar-do-mestrados-em-ciencias-farmaceuticas.html'),
('8385', 7711, 'Informação não disponível', 'Informação não disponível', 'https://academiamilitar.pt/curso-de-formacao-militar-complem-entar-do-mestrado-em-medicina-veterinaria.html'),
('8387', 4200, 'Informação não disponível', 'Informação não disponível', 'https://www.isag.pt/isag/cursos_geral.FormView?P_CUR_SIGLA=LRE'),
('8393', 505, '125,5', '138,5', 'https://www.uc.pt/fluc/faqs/perguntas_frequentes/plano_estudos'),
('8397', 3051, ' ', '115,4', 'https://www.ipcb.pt/esacb/ensino/licenciatura-em-engenharia-de-proteccao-civil'),
('8397', 4032, 'Informação não disponível', 'Informação não disponível', 'https://www.ulp.pt/undergraduate/engenharia-de-protecao-civil'),
('8397', 4298, 'Informação não disponível', 'Informação não disponível', 'https://www.iseclisboa.pt/index.php/pt/'),
('8398', 3138, '133,6', '146,1', 'https://www.ipp.pt/ensino/cursos/licenciatura/estg/557'),
('8399', 1502, '175,0', ' ', 'https://www.belasartes.ulisboa.pt/cursos/licenciaturas/desenho/'),
('8402', 3031, '117,1', '134,0', 'https://esg.ipca.pt/curso/gestao-publica-ensino-a-distancia/'),
('8405', 3012, '125,7', '129,1', 'https://www.ua.pt/pt/curso/222'),
('8407', 3163, '123,0', '110,4', 'https://www.ipvc.pt/en/cursos/engenharia-da-computacao-grafica-e-multimedia/'),
('8408', 501, '118,5', '120,8', 'https://www.uc.pt/QMed/Plano_estudos'),
('8409', 3032, '140,0', '163,1', 'https://est.ipca.pt/curso/engenharia-de-sistemas-informaticos/'),
('8411', 1514, '136,5', '135,0', 'http://www.igot.ulisboa.pt/ensino/licenciatura-em-planeamento-e-gestao-do-territorio/'),
('8413', 1506, '141,0', '146,0', 'https://www.ulisboa.pt/curso/licenciatura/artes-e-humanidades'),
('8417', 3032, '128,8', ' ', 'https://est.ipca.pt/curso/engenharia-de-sistemas-informaticos/'),
('8419', 3141, '134,1', ' ', 'https://www.ipsantarem.pt/pt/escolas/escola-superior-agraria/cursos/agronomia-pl/'),
('8427', 1000, '129,2', '137,0', 'https://www.ie.uminho.pt/pt/Ensino/licenciaturas/Paginas/LicenciaturaemEducacaoPosLaboral.aspx'),
('8437', 3023, '97,0', '121,6', 'https://www.ipbeja.pt/EnsinoADistancia/'),
('8438', 3113, '150,5', '157,0', 'https://www.escs.ipl.pt/cursos/licenciaturas/relacoes-publicas-e-comunicacao-empresarial'),
('8439', 3113, '156,0', '170,0', 'https://www.escs.ipl.pt/cursos/licenciaturas/publicidade-e-marketing'),
('8442', 3139, '129,7', '126,8', 'https://www.ipp.pt/ensino/cursos/licenciatura/esht/516'),
('8455', 2800, 'Informação não disponível', 'Informação não disponível', 'https://www.ulusofona.pt/licenciatura/ciencia-e-tecnologias-do-som'),
('8458', 1506, '148,5', '146,0', 'https://www.ulisboa.pt/curso/licenciatura/estudos-gerais'),
('8463', 3053, ' ', ' ', 'https://www.ipcb.pt/estcb/ensino/licenciatura-em-engenharia-das-energias-renovaveis'),
('8464', 3164, '116,3', '121,3', 'https://www.ipvc.pt/en/cursos/gestao-da-distribuicao-e-logistica/'),
('8468', 4298, 'Informação não disponível', 'Informação não disponível', 'https://www.iseclisboa.pt/index.php/pt/'),
('8476', 3101, '109,6', '115,4', 'https://www.ipleiria.pt/curso/licenciatura-em-relacoes-humanas-e-comunicacao-organizacional/'),
('8494', 1000, '157,0', '164,5', 'https://www.arquitetura.uminho.pt/pt/Ensino/Licenciaturas_e_Mestrados_Integrados/Licenciatura-em-Design-de-Produto/Paginas/Plano-de-Estudos.aspx'),
('8509', 201, '106,1', '104,5', 'https://www.ualg.pt/curso/1685'),
('8514', 3105, '113,5', '121,6', 'https://www.ipleiria.pt/curso/licenciatura-em-gestao-de-eventos/'),
('8515', 3152, '115,8', '123,5', 'https://www.estsetubal.ips.pt/cursos/licenciaturas/te'),
('8516', 3164, '131,9', '126,5', 'https://www.ipvc.pt/en/cursos/organizacao-e-gestao-empresariais/'),
('8517', 3182, '125,8', '108,5', 'https://www.estgv.ipv.pt/estgv/?v=304'),
('8519', 3063, '131,5', '132,5', 'http://www.iscac.pt/index.php?m=4_331&lang=PT'),
('8522', 4298, 'Informação não disponível', 'Informação não disponível', 'https://www.iseclisboa.pt/index.php/pt/cursos/licenciaturas/lic-energias-renovaveis-ambiente'),
('8523', 2100, 'Informação não disponível', 'Informação não disponível', 'https://autonoma.pt/cursos/administracao-de-unidades-de-saude/'),
('8524', 160, '111,9', '124,2', 'https://uac.pt/ensino/curso.php?id=4144&l=PT&a=2020/2021&f=FCT'),
('8525', 3103, '125,1', '131,3', 'https://www.ipleiria.pt/curso/licenciatura-em-design-de-produto-ceramica-e-vidro/'),
('8526', 4032, 'Informação não disponível', 'Informação não disponível', 'https://www.ulp.pt/licenciatura/ciencias-de-engenharia-aeroespacial'),
('8571', 160, '125,8', '141,8', 'https://uac.pt/ensino/curso.php?id=4088&l=PT&a=2020/2021&f=FCT'),
('9002', 300, '142,4', '145,6', 'https://www.ua.pt/pt/curso/54'),
('9002', 1000, '154,4', '159,6', 'https://www.eeg.uminho.pt/pt/estudar/Licenciaturas/Paginas/administracao-publica.aspx'),
('9002', 1516, '149,5', '150,5', 'https://www.iscsp.ulisboa.pt/pt/cursos/oferta-graduada/licenciaturas/administracao-publica'),
('9002', 3102, '128,5', '141,9', 'https://www.ipleiria.pt/curso/licenciatura-em-administracao-publica/'),
('9003', 203, '118,9', '108,2', 'https://www.ualg.pt/en/curso/1459'),
('9003', 602, '130,8', '121,7', 'https://www.uevora.pt/estudar/cursos/licenciaturas?curso=2504'),
('9003', 3021, '103,0', '106,5', 'https://www.ipbeja.pt/cursos/esa-eag/Paginas/UnidadesCurriculares.aspx'),
('9003', 3051, '128,0', '113,7', 'https://www.ipcb.pt/esacb/ensino/licenciatura-em-agronomia'),
('9003', 3123, '127,8', '107,2', 'https://esae.ipportalegre.pt/pt/oferta-formativa/agronomia'),
('9003', 3141, '99,0', '104,0', 'https://www.ipsantarem.pt/pt/escolas/escola-superior-agraria/cursos/agronomia/'),
('9003', 3161, '111,7', '112,2', 'https://www.ipvc.pt/en/cursos/agronomia-2/'),
('9005', 1202, '104,8', '129,4', 'https://www.utad.pt/estudar/cursos/animacao-cultural-e-comunitaria/'),
('9005', 3091, '101,0', '116,8', 'http://www.ipg.pt/website/ensino_licenciatura.aspx?id=11&curso=Anima%C3%A7%C3%A3o%20Sociocultural'),
('9005', 3112, '125,5', '137,0', 'https://www.eselx.ipl.pt/curso/licenciatura/animacao-sociocultural/plano-de-estudos'),
('9005', 3151, 'Informação não disponível', 'Informação não disponível', 'http://www.si.ips.pt/ese_si/cursos_geral.FormView?P_CUR_SIGLA=LAS'),
('9005', 4270, 'Informação não disponível', 'Informação não disponível', 'https://www.isce.pt/pt/estudar/licenciaturas/animacao-sociocultural'),
('9006', 505, '133,0', '141,0', 'https://apps.uc.pt/courses/pt/course/5382'),
('9006', 902, '135,5', '147,0', 'https://www.fcsh.unl.pt/cursos/'),
('9006', 1000, '133,8', ' ', 'https://www.ics.uminho.pt/pt/Estudar/Licenciaturas/Arqueologia/Paginas/Plano-de-Estudos.aspx'),
('9006', 1107, '143,2', '145,6', 'https://sigarra.up.pt/flup/pt/cur_geral.cur_view?pv_curso_id=339'),
('9006', 1506, '134,5', '144,0', 'https://www.ulisboa.pt/curso/licenciatura/arqueologia'),
('9007', 3103, '137,5', '150,8', 'https://www.ipleiria.pt/curso/licenciatura-em-artes-plasticas/'),
('9007', 5402, '167,5', '177,5', 'https://sigarra.up.pt/fbaup/en/cur_geral.cur_view?pv_curso_id=1315'),
('9009', 3134, '161,9', '155,5', 'https://estudeemportugal.org/p-porto-assessoria-e-traducao/'),
('9010', 3022, '113,2', '113,2', 'https://www.ipbeja.pt/cursos/ese-am/Paginas/UnidadesCurriculares.aspx'),
('9010', 3113, '156,5', '164,0', 'https://www.escs.ipl.pt/cursos/licenciaturas/audiovisual-e-multimedia/plano-de-estudos-novo'),
('9011', 160, '122,2', '114,6', 'https://uac.pt/ensino/curso.php?id=4085&l=PT&a=2020/2021&f=FCT'),
('9011', 203, '119,8', '113,4', 'https://www.ualg.pt/curso/1413'),
('9011', 300, '148,0', '150,0', 'https://www.ua.pt/pt/curso/14'),
('9011', 501, '143,0', '147,5', 'https://apps.uc.pt/courses/pt/course/346'),
('9011', 602, '134,2', '125,7', 'https://www.uevora.pt/estudar/cursos/licenciaturas?curso=2540'),
('9011', 1103, '156,5', '154,0', 'https://sigarra.up.pt/fcup/en/cur_geral.cur_view?pv_ano_lectivo=2021&pv_curso_id=884'),
('9011', 1204, '124,7', '138,5', 'https://www.utad.pt/estudar/cursos/biologia/'),
('9011', 1309, '132,1', '127,1', 'https://www.uma.pt/ensino/1o-ciclo/biologia/'),
('9011', 1503, '160,8', '161,0', 'https://fenix.ciencias.ulisboa.pt/degrees/biologia-564500436615193/curriculo'),
('9011', 1515, '144,8', '149,8', 'https://fenix.isa.ulisboa.pt/qubEdu/publico/degreeSite/showDegreeCurricularPlanBolonha.faces;jsessionid=4FDCCE0EFC1825AEEC014257461ACBEF?degreeID=3251290243304&degreeCurricularPlanID=3320009719945&executionPeriodOID=60129543349&organizeBy=groups&showRules=false&hideCourses=false&contentContextPath_PATH=/cursos/lb/template-lateral/plano-curricular&_request_checksum_=ee33c9e25aa18b4ffb0e14dd1320b9300b9595db'),
('9011', 2800, 'Informação não disponível', 'Informação não disponível', 'https://www.ulusofona.pt/licenciatura/biologia'),
('9011', 4450, 'Informação não disponível', 'Informação não disponível', 'https://www.ispa.pt/oferta-formativa/licenciatura-biologia/'),
('9012', 300, '126,8', '144,8', 'https://www.ua.pt/pt/curso/15'),
('9012', 1000, '128,2', '138,4', 'https://www.uminho.pt/pt/ensino/oferta-educativa/_layouts/15/uminho.portalum.ui/pages/catalogocursodetail.aspx?itemid=3300&catid=9'),
('9012', 1204, '106,5', '124,0', 'https://www.utad.pt/estudar/cursos/biologia-e-geologia/'),
('9013', 203, '132,7', '123,2', 'https://www.ualg.pt/curso/1412/plano'),
('9014', 3105, '108,7', '118,6', 'https://www.ipleiria.pt/curso/licenciatura-em-biologia-marinha-e-biotecnologia/'),
('9015', 203, '116,9', '112,7', 'https://www.ualg.pt/curso/1492'),
('9015', 300, '161,2', '160,6', 'https://www.ua.pt/pt/curso/16'),
('9015', 400, '122,3', '121,3', 'https://www.ubi.pt/PlanoDeEstudos/25/1545/2020'),
('9015', 501, '153,5', '154,3', 'https://apps.uc.pt/courses/en/course/347'),
('9015', 602, '125,1', '113,6', 'https://www.uevora.pt/estudar/cursos/licenciaturas?curso=2598'),
('9015', 903, '165,0', '164,0', 'https://www.fct.unl.pt/ensino/curso/licenciatura-em-bioquimica'),
('9015', 1000, '154,4', '152,6', 'https://www.uminho.pt/pt/ensino/oferta-educativa/_layouts/15/uminho.portalum.ui/pages/catalogocursodetail.aspx?itemid=2734&catid=8'),
('9015', 1103, '175,5', '174,0', 'https://sigarra.up.pt/fcup/en/cur_geral.cur_view?pv_ano_lectivo=2021&pv_curso_id=863'),
('9015', 1204, '128,6', '131,0', 'https://www.utad.pt/estudar/cursos/bioquimica/'),
('9015', 1307, '123,6', '110,0', 'https://www.uma.pt/ensino/1o-ciclo/bioquimica/'),
('9015', 1503, '160,5', '163,5', 'https://fenix.ciencias.ulisboa.pt/degrees/bioquimica-564500436615216/curriculo'),
('9015', 2800, 'Informação não disponível', 'Informação não disponível', 'https://www.ulusofona.pt/licenciatura/bioquimica'),
('9016', 203, '113,8', '110,0', 'https://www.ualg.pt/curso/1530'),
('9016', 300, '165,0', '156,4', 'https://www.ua.pt/pt/curso/17'),
('9016', 400, '108,0', '124,1', 'https://www.ubi.pt/PlanoDeEstudos/904/1451/2021/'),
('9016', 602, '120,7', '102,0', 'https://www.uevora.pt/estudar/cursos/licenciaturas?curso=18'),
('9016', 2800, 'Informação não disponível', 'Informação não disponível', 'https://www.ulusofona.pt/licenciatura/biotecnologia'),
('9016', 3061, '122,8', '119,6', 'https://www.ipc.pt/pt/estudar/cursos/18894'),
('9016', 3105, '119,0', '113,9', 'https://www.ipleiria.pt/estm/home/'),
('9016', 3154, '120,7', '130,2', 'https://www.estbarreiro.ips.pt/cursos/licenciaturas/lbt'),
('9016', 3161, '112,6', '116,8', 'https://www.ipvc.pt/en/cursos/biotecnologia/'),
('9019', 1000, '159,4', '159,0', 'https://www.eeg.uminho.pt/pt/estudar/Licenciaturas/Paginas/ciencia-politica.aspx'),
('9019', 1516, '164,5', '158,5', 'https://www.iscsp.ulisboa.pt/pt/cursos/oferta-graduada/licenciaturas/ciencia-politica/plano-de-estudos'),
('9019', 6800, '163,0', '160,0', 'https://www.iscte-iul.pt/curso/26/licenciatura-ciencia-politica'),
('9020', 400, '159,2', '143,7', 'https://www.ubi.pt/PlanoDeEstudos/893/1486/2020'),
('9020', 902, '179,0', '177,0', 'https://www.fcsh.unl.pt/cursos/licenciatura_em_ciencia_politica_e_relacoes_internacionais/'),
('9020', 2295, 'Informação não disponível', 'Informação não disponível', 'https://www.ucp.pt/pt-pt/ciencia-politica-e-relacoes-internacionais-lice'),
('9020', 2750, 'Informação não disponível', 'Informação não disponível', 'https://www.ufp.pt/inicio/estudar-e-investigar/licenciaturas/ciencia-politica-e-relacoes-internacionais/'),
('9020', 2800, 'Informação não disponível', 'Informação não disponível', 'https://www.ulusofona.pt/licenciatura/ciencia-politica-e-relacoes-internacionais'),
('9021', 4298, 'Informação não disponível', 'Informação não disponível', 'https://www.iseclisboa.pt/index.php/pt/'),
('9022', 140, '114,3', '111,0', 'https://uac.pt/ensino/curso.php?id=4324&l=PT&a=2021/2022&f=FCAA'),
('9023', 400, '143,4', '139,2', 'http://www.ubi.pt/PlanoDeEstudos/66/1648/2020'),
('9023', 902, '178,5', '178,5', 'https://www.fcsh.unl.pt/cursos/licenciatura_em_ciencias_da_comunicacao/'),
('9023', 1000, '164,8', '166,0', 'https://www.ics.uminho.pt/pt/Estudar/Licenciaturas/Ciencias-da-Comunicacao/Paginas/Plano-de-Estudos.aspx'),
('9023', 1202, '141,7', '141,5', 'https://www.utad.pt/estudar/cursos/ciencias-da-comunicacao/'),
('9023', 1516, '170,5', '167,5', 'https://www.iscsp.ulisboa.pt/pt/cursos/oferta-graduada/licenciaturas/ciencias-da-comunicacao'),
('9023', 2100, 'Informação não disponível', 'Informação não disponível', 'https://autonoma.pt/cursos/ciencias-da-comunicacao/'),
('9023', 2223, 'Informação não disponível', 'Informação não disponível', 'https://www.ucp.pt/pt-pt/ciencias-da-comunicacao-0'),
('9023', 2750, 'Informação não disponível', 'Informação não disponível', 'https://www.ufp.pt/inicio/estudar-e-investigar/licenciaturas/ciencias-da-comunicacao/'),
('9023', 3081, '143,3', '143,9', 'https://esec.ualg.pt/curso/1456/plano'),
('9023', 4032, 'Informação não disponível', 'Informação não disponível', 'https://www.ulp.pt/licenciatura/ciencias-da-comunicacao'),
('9023', 4350, 'Informação não disponível', 'Informação não disponível', 'https://www.iade.europeia.pt/cursos/licenciaturas/licenciaturas/ciencias-da-comunicacao'),
('9023', 4630, 'Informação não disponível', 'Informação não disponível', 'https://www.ics.uminho.pt/pt/Estudar/Licenciaturas/Ciencias-da-Comunicacao/Paginas/Plano-de-Estudos.aspx'),
('9024', 2800, 'Informação não disponível', 'Informação não disponível', 'https://www.ulusofona.pt/licenciatura/ciencias-da-comunicacao-e-da-cultura'),
('9025', 400, '123,9', '133,9', 'https://www.ubi.pt/curso/948'),
('9026', 507, '139,5', '152,0', 'https://apps.uc.pt/courses/PT/programme/1555/2021-2022?id_branch=18201'),
('9026', 604, '128,3', '135,2', 'https://www.uevora.pt/estudar/cursos/licenciaturas?curso=2327'),
('9026', 1109, '148,5', '147,5', 'https://sigarra.up.pt/fpceup/pt/cur_geral.cur_planos_estudos_view?pv_ano_lectivo=2021&pv_origem=CAND&pv_plano_id=3065&pv_tipo_cur_sigla='),
('9026', 1308, '125,6', '146,7', 'https://www.uma.pt/ensino/1o-ciclo/licenciatura-em-ciencias-da-educacao/'),
('9040', 902, '145,0', '156,0', 'https://www.fcsh.unl.pt/cursos/licenciatura_em_ciencias_da_linguagem/'),
('9040', 1107, '136,2', '148,6', 'https://sigarra.up.pt/flup/pt/cur_geral.cur_view?pv_curso_id=460'),
('9040', 1506, '133,5', '142,5', 'https://www.ulisboa.pt/curso/licenciatura/ciencias-da-linguagem'),
('9041', 300, '127,5', '131,5', 'https://www.ua.pt/pt/curso/19'),
('9043', 3134, '139,3', '144,0', 'https://www.iscap.ipp.pt/destaques-1/clipping/artigos-de-opiniao/ciencias-e-tecnologias-da-documentacao-e-informacao'),
('9045', 2750, 'Informação não disponível', 'Informação não disponível', 'https://www.ufp.pt/inicio/estudar-e-investigar/licenciaturas/ciencias-empresariais/'),
('9045', 3138, '153,4', '146,8', 'https://www.estg.ipp.pt/cursos/licenciatura/430'),
('9046', 902, '144,0', '135,5', 'https://www.fcsh.unl.pt/cursos/licenciatura_em_ciencias_musicais/'),
('9048', 400, '141,5', '139,9', 'https://www.ubi.pt/PlanoDeEstudos/874/1593/2021/'),
('9048', 2265, 'Informação não disponível', 'Informação não disponível', 'https://www.porto.ucp.pt/pt/central-oferta-formativa/licenciatura-cinema'),
('9048', 3116, 'Informação não disponível', 'Informação não disponível', 'https://www.estc.ipl.pt/plano_estudos'),
('9049', 2800, 'Informação não disponível', 'Informação não disponível', 'https://www.ulusofona.pt/licenciatura/cinema-video-e-comunicacao-multimedia'),
('9051', 2800, 'Informação não disponível', 'Informação não disponível', 'https://www.ulusofona.pt/licenciatura/comunicacao-aplicada-marketing-publicidade-e-relacoes-publicas'),
('9052', 1203, '131,3', '141,5', 'https://www.utad.pt/estudar/en/cursos/communication-and-multimedia/'),
('9052', 2400, 'Informação não disponível', 'Informação não disponível', 'https://www.lis.ulusiada.pt/pt-pt/cursos/1314/1%C2%BAciclo%E2%80%93licenciaturasemestradosintegrados/comunica%C3%A7%C3%A3oemultim%C3%A9dia.aspx'),
('9053', 3134, '160,6', '162,5', 'https://www.iscap.ipp.pt/cursos/licenciatura/739'),
('9053', 4500, 'Informação não disponível', 'Informação não disponível', 'https://ismt.pt/pt/comunicacao-empresarial-3005'),
('9054', 3062, '148,7', '147,5', 'https://www.ipc.pt/pt/estudar/cursos/20179'),
('9054', 3151, '140,4', '138,8', 'https://www.si.ips.pt/ese_si/cursos_geral.formview?P_CUR_SIGLA=CS'),
('9054', 3181, '115,0', '133,5', 'https://www.esev.ipv.pt/Cursos/apresentacao.aspx?value=3'),
('9054', 3243, '110,0', '113,8', 'http://portal2.ipt.pt/pt/cursos/Licenciaturas/L_-_CS/'),
('9056', 1000, 'Informação não disponível', 'Informação não disponível', 'https://www.eeg.uminho.pt/pt/estudar/Licenciaturas/Paginas/contabilidade.aspx'),
('9056', 2404, 'Informação não disponível', 'Informação não disponível', 'http://www.fam.ulusiada.pt/noticias/artigo.php?news_id=710'),
('9056', 3011, '139,3', '141,9', 'https://www.ua.pt/pt/curso/48'),
('9056', 3031, '143,8', '149,4', 'https://esg.ipca.pt/curso/contabilidade/'),
('9056', 3043, '111,3', '101,0', 'http://portal3.ipb.pt/index.php/pt/guiaects/cursos/licenciaturas/curso?cod_escola=3043&cod_curso=9056'),
('9056', 3092, '105,4', '105,6', 'http://www.ipg.pt/website/ensino_licenciatura.aspx?id=1&curso=Contabilidade'),
('9056', 3182, '123,0', '130,8', 'https://www.estgv.ipv.pt/estgv/?v=10025'),
('9056', 3241, '114,5', '109,3', 'http://portal2.ipt.pt/pt/cursos/licenciaturas/l_-_c/Plano_curricular/'),
('9056', 4283, 'Informação não disponível', 'Informação não disponível', 'https://isvouga.pt/'),
('9056', 4444, 'Informação não disponível', 'Informação não disponível', 'https://www.ispgaya.pt/'),
('9056', 4582, 'Informação não disponível', 'Informação não disponível', 'https://www.ipmaia.pt/pt/ensino/oferta-formativa/licenciaturas/contabilidade'),
('9058', 3065, '119,9', '119,8', 'https://www.ipc.pt/pt/estudar/cursos/21858'),
('9058', 3117, '146,4', '148,3', 'https://www.iscal.ipl.pt/cursos/1778/plano-de-estudos'),
('9058', 3134, '152,2', '151,1', 'https://www.iscap.ipp.pt/cursos/licenciatura/611'),
('9059', 2270, 'Informação não disponível', 'Informação não disponível', 'https://www.clsbe.lisboa.ucp.pt/pt-pt/licenciaturas/programs/licenciaturas/administracao-e-gestao-de-empresas'),
('9061', 3063, '136,1', '135,0', 'https://www.ipc.pt/pt/estudar/cursos/22424'),
('9065', 2800, 'Informação não disponível', 'Informação não disponível', 'https://www.ulusofona.pt/licenciatura/contabilidade-fiscalidade-e-auditoria'),
('9066', 1114, '170,2', '166,0', 'https://sigarra.up.pt/fdup/pt/cur_geral.cur_planos_estudos_view?pv_ano_lectivo=2018&pv_origem=CUR&pv_plano_id=608&pv_tipo_cur_sigla=L'),
('9066', 2403, 'Informação não disponível', 'Informação não disponível', 'https://www.por.ulusiada.pt/cursos/1ciclo/1ciclo.php?cp=L41'),
('9066', 2750, 'Informação não disponível', 'Informação não disponível', 'https://www.ufp.pt/inicio/estudar-e-investigar/licenciaturas/criminologia/'),
('9066', 2800, 'Informação não disponível', 'Informação não disponível', 'https://www.ulusofona.pt/licenciaturas/criminologia'),
('9066', 4630, 'Informação não disponível', 'Informação não disponível', 'https://www.ismai.pt/pt/ensino/oferta-formativa/licenciaturas/criminologia'),
('9068', 1510, '107,5', '115,0', 'http://www.fmh.ulisboa.pt/pt/licenciaturas/reabilitacao-psicomotora-1c/plano-de-estudos'),
('9068', 3111, 'Informação não disponível', 'Informação não disponível', 'https://www.esd.ipl.pt/unidades-curriculares-plano-de-estudos-licenciatura-em-danca-4/'),
('9069', 300, '169,8', '170,8', 'https://www.ua.pt/pt/curso/20'),
('9069', 603, '147,9', '148,8', 'https://www.uevora.pt/estudar/cursos/licenciaturas?curso=2548'),
('9069', 1306, '120,8', '96,0', 'https://www.uma.pt/ensino/1o-ciclo/licenciatura-em-design/'),
('9069', 1501, '170,5', '175,0', 'https://www.fa.ulisboa.pt/index.php/pt/cursos/licenciaturas/design'),
('9069', 2400, 'Informação não disponível', 'Informação não disponível', 'http://www.fam.ulusiada.pt/noticias/artigo.php?news_id=706'),
('9069', 2403, 'Informação não disponível', 'Informação não disponível', 'https://www.por.ulusiada.pt/cursos/1ciclo/1ciclo.php?cp=L00'),
('9069', 2404, 'Informação não disponível', 'Informação não disponível', 'http://www.fam.ulusiada.pt/noticias/artigo.php?news_id=706'),
('9069', 3331, '139,6', '149,5', 'https://www.esmad.ipp.pt/'),
('9069', 4069, 'Informação não disponível', 'Informação não disponível', 'http://portal3.ipb.pt/index.php/pt/guiaects/cursos/licenciaturas/curso?cod_escola=3042&cod_curso=9898'),
('9069', 4350, 'Informação não disponível', 'Informação não disponível', 'https://www.iade.europeia.pt/cursos/licenciaturas/licenciaturas/design'),
('9070', 1502, '178,0', '177,5', 'https://www.belasartes.ulisboa.pt/en/cursos/licenciaturas/design-de-comunicacao/'),
('9070', 2800, 'Informação não disponível', 'Informação não disponível', 'https://www.ulusofona.pt/licenciatura/design-de-comunicacao'),
('9070', 3081, '115,8', '129,6', 'https://esec.ualg.pt/curso/1454/plano'),
('9070', 3122, '115,0', '102,0', 'https://www.ipportalegre.pt/oferta-formativa/design-de-comunicacao'),
('9070', 4010, 'Informação não disponível', 'Informação não disponível', 'http://www.esap.pt/ensino/curso/design-de-comunicacao'),
('9070', 4032, 'Informação não disponível', 'Informação não disponível', 'https://www.ulp.pt/licenciatura/design-de-comunicacao'),
('9070', 4375, 'Informação não disponível', 'Informação não disponível', 'https://www.ismat.pt/ensino/licenciaturas/licenciatura-em-design-de-comunicacao.html'),
('9070', 4500, 'Informação não disponível', 'Informação não disponível', 'https://ismt.pt/pt/design-de-comunicacao-1534'),
('9070', 5402, '178,0', '189,0', 'https://sigarra.up.pt/fbaup/en/cur_geral.cur_view?pv_curso_id=1314'),
('9071', 400, '141,5', '136,9', 'https://www.ubi.pt/PlanoDeEstudos/30/1543/2020'),
('9071', 1501, '166,5', '168,5', 'https://www.fa.ulisboa.pt/index.php/pt/cursos/licenciaturas/designdemoda'),
('9072', 1502, '163,5', '171,0', 'https://www.belasartes.ulisboa.pt/en/cursos/licenciaturas/design-de-equipamento/'),
('9072', 3092, '121,5', '108,9', 'http://www.ipg.pt/website/ensino_licenciatura.aspx?id=10&curso=Design%20de%20Equipamento'),
('9073', 4298, 'Informação não disponível', 'Informação não disponível', 'https://www.iseclisboa.pt/index.php/pt/'),
('9074', 400, '117,4', '137,4', 'https://www.ubi.pt/curso/75'),
('9074', 3033, '145,2', '148,8', 'https://esd.ipca.pt/curso/design-industrial/'),
('9074', 3103, '132,3', '147,1', 'https://www.ipleiria.pt/curso/licenciatura-em-design-industrial/'),
('9075', 400, '140,8', '133,7', 'https://www.ubi.pt/PlanoDeEstudos/875/1606/2020/'),
('9076', 1321, '140,4', '147,4', 'https://www.uma.pt/ensino/1o-ciclo/licenciatura-em-direcao-e-gestao-hoteleira/'),
('9076', 7110, '153,4', '154,0', 'https://www.eshte.pt/pt/artigos/licenciaturas/direccao-e-gestao-hoteleira'),
('9078', 502, '170,0', '169,5', 'https://apps.uc.pt/courses/PT/programme/1556/2021-2022?id_branch=17281'),
('9078', 911, '173,2', '171,2', 'https://guia.unl.pt/pt/2021/fd/program/9078'),
('9078', 1000, '175,6', '175,0', 'https://www.uminho.pt/pt/ensino/oferta-educativa/_layouts/15/uminho.portalum.ui/pages/catalogocursodetail.aspx?itemid=2773&catid=8'),
('9078', 1114, '181,2', '177,6', 'https://sigarra.up.pt/fdup/en/cur_geral.cur_view?pv_curso_id=593'),
('9078', 1504, '162,0', '160,3', 'https://www.fd.ulisboa.pt/courses/bachelorsprogramme/curriculum/'),
('9078', 2100, 'Informação não disponível', 'Informação não disponível', 'https://autonoma.pt/cursos/direito/'),
('9078', 2280, 'Informação não disponível', 'Informação não disponível', 'https://fd.porto.ucp.pt/pt-pt/licenciaturas/licenciatura-em-direito/plano-de-estudos'),
('9078', 2281, 'Informação não disponível', 'Informação não disponível', 'https://www.porto.ucp.pt/pt/central-oferta-formativa/licenciatura-em-direito'),
('9078', 2400, 'Informação não disponível', 'Informação não disponível', 'http://www.por.ulusiada.pt/downloads/geral/plano_estudos_direito.pdf'),
('9078', 2403, 'Informação não disponível', 'Informação não disponível', 'https://www.por.ulusiada.pt/cursos/1ciclo/1ciclo.php?cp=023'),
('9078', 2500, 'Informação não disponível', 'Informação não disponível', 'https://www.upt.pt/curso.php?e=1009'),
('9078', 2800, 'Informação não disponível', 'Informação não disponível', 'https://www.ulusofona.pt/licenciatura/direito'),
('9078', 4032, 'Informação não disponível', 'Informação não disponível', 'https://www.ulp.pt/licenciaturas/direito'),
('9078', 4350, 'Informação não disponível', 'Informação não disponível', 'https://www.europeia.pt/oferta-formativa/licenciaturas/licenciaturas/direito'),
('9078', 4375, 'Informação não disponível', 'Informação não disponível', 'https://www.ismat.pt/'),
('9081', 170, '122,7', '126,4', 'https://uac.pt/ensino/curso.php?id=4325&l=PT&a=2021/2022&f=FEG'),
('9081', 204, '125,6', '119,1', 'https://fe.ualg.pt/curso/1440/plano'),
('9081', 300, '167,6', '171,8', 'https://www.ua.pt/pt/curso/21'),
('9081', 400, '140,0', '145,9', 'https://www.ubi.pt/PlanoDeEstudos/29/1466/2020'),
('9081', 503, '158,0', '167,0', 'https://apps.uc.pt/courses/PT/programme/858/2021-2022?id_branch=12202'),
('9081', 604, '132,9', '133,9', 'https://www.uevora.pt/estudar/cursos/licenciaturas?curso=210'),
('9081', 904, '176,5', '182,5', 'https://www.novasbe.unl.pt/Portals/0/Formato_DR_Economia_Regulamento_revisto.pdf'),
('9081', 1000, '171,8', '175,8', 'https://www.eeg.uminho.pt/pt/estudar/Licenciaturas/Paginas/economia.aspx'),
('9081', 1104, '178,0', '186,5', 'https://sigarra.up.pt/fep/pt/cur_geral.cur_view?pv_curso_id=1052'),
('9081', 1202, '140,1', '147,6', 'https://www.utad.pt/estudar/cursos/economia/'),
('9081', 1308, '108,0', '115,9', 'https://www.uma.pt/ensino/1o-ciclo/licenciatura-em-economia/'),
('9081', 1517, '164,0', '167,5', 'https://www.iseg.ulisboa.pt/aquila/cursos/eco/plano-curricular'),
('9081', 2100, 'Informação não disponível', 'Informação não disponível', 'https://autonoma.pt/cursos/economia/'),
('9081', 2270, 'Informação não disponível', 'Informação não disponível', 'https://www.clsbe.lisboa.ucp.pt/pt-pt/licenciaturas/programs/licenciaturas/economia'),
('9081', 2271, 'Informação não disponível', 'Informação não disponível', 'https://www.clsbe.lisboa.ucp.pt/pt-pt/licenciaturas/programs/licenciaturas/economia'),
('9081', 2400, 'Informação não disponível', 'Informação não disponível', 'https://www.lis.ulusiada.pt/pt-pt/cursos/1314/1%C2%BAciclo%E2%80%93licenciaturasemestradosintegrados/economia.aspx'),
('9081', 2500, 'Informação não disponível', 'Informação não disponível', 'https://www.upt.pt/curso.php?e=1010'),
('9081', 2800, 'Informação não disponível', 'Informação não disponível', 'https://www.ulusofona.pt/licenciatura/economia'),
('9081', 4300, 'Informação não disponível', 'Informação não disponível', 'https://www.iseg.ulisboa.pt/aquila/cursos/eco/plano-curricular'),
('9081', 6800, '170,0', '170,5', 'https://www.iscte-iul.pt/curso/1/licenciatura-economia'),
('9082', 3042, '117,2', '124,8', 'http://portal3.ipb.pt/index.php/pt/guiaects/cursos/licenciaturas/curso?cod_escola=3042&cod_curso=9082'),
('9084', 2500, 'Informação não disponível', 'Informação não disponível', 'https://www.upt.pt/curso.php?e=1012'),
('9084', 3042, '95,0', '106,4', 'http://portal3.ipb.pt/index.php/pt/guiaects/cursos/licenciaturas/curso?cod_escola=3042&cod_curso=9084'),
('9084', 3081, '122,8', '134,1', 'https://esec.ualg.pt/curso/1455/plano'),
('9084', 3101, '124,0', '127,5', 'https://www.ipleiria.pt/curso/licenciatura-em-educacao-social/'),
('9084', 3121, '115,2', '100,0', 'https://www.ipportalegre.pt/oferta-formativa/educacao-social'),
('9084', 3131, '145,2', '146,7', 'https://www.ese.ipp.pt/cursos/licenciatura/468'),
('9084', 3142, '119,4', '123,6', 'https://siese.ipsantarem.pt/ese/cursos_geral.FormView?P_CUR_SIGLA=LESO1'),
('9084', 3181, '114,5', '132,5', 'https://www.esev.ipv.pt/Cursos/apresentacao.aspx?value=6'),
('9084', 4076, 'Informação não disponível', 'Informação não disponível', 'https://www.iesfafe.pt/index.php?option=com_content&view=article&id=176%'),
('9084', 4085, 'Informação não disponível', 'Informação não disponível', 'https://www.esepf.pt/licenciatura-em-educacao-social/'),
('9084', 4270, 'Informação não disponível', 'Informação não disponível', 'https://www.isce.pt/'),
('9084', 4271, 'Informação não disponível', 'Informação não disponível', 'https://www.iscedouro.pt/pt/Oferta-formativa/1-%C2%BA-Ciclo-Licenciaturas/Educacao-Social/'),
('9084', 4581, 'Informação não disponível', 'Informação não disponível', 'https://www.ipmaia.pt/pt/ensino/oferta-formativa/licenciaturas/educacao-social'),
('9084', 4601, 'Informação não disponível', 'Informação não disponível', 'https://ipiaget.org/licenciatura-em-educacao-social/'),
('9085', 3041, '109,3', '101,0', 'http://portal3.ipb.pt/index.php/pt/guiaects/cursos/licenciaturas/curso?cod_escola=3041&cod_curso=9085'),
('9085', 3051, '128,0', '138,5', 'https://www.ipcb.pt/esacb/ensino/licenciatura-em-enfermagem-veterinaria'),
('9085', 3061, '142,4', '140,6', 'http://portal.esac.pt/portal/portal/ingresso/acesso_licenciaturas/acesso_lev'),
('9085', 3123, '98,0', '122,4', 'https://www.ipportalegre.pt/oferta-formativa/enfermagem-veterinaria'),
('9085', 3161, '139,4', '131,3', 'https://www.ipvc.pt/en/cursos/enfermagem-veterinaria-2/'),
('9085', 3185, '143,3', '138,3', 'https://www.esav.ipv.pt/index.php/15-cursos/licenciaturas/19-enfermagem-veterinaria'),
('9085', 4615, 'Informação não disponível', 'Informação não disponível', 'https://www.ipluso.pt/espa-escola-superior-de-saude-protecao-e-bem-estar-animal'),
('9086', 1201, '122,5', '123,3', 'https://www.utad.pt/estudar/cursos/engenharia-agronomica/'),
('9086', 1515, '127,3', '142,0', 'https://www.isa.ulisboa.pt/ensino/doutoramentos/dea/plano-curricular'),
('9086', 3041, '130,3', ' ', 'http://portal3.ipb.pt/index.php/pt/guiaects/cursos/licenciaturas/curso?cod_escola=3041&cod_curso=9086'),
('9086', 3185, '125,6', '116,4', 'https://www.esav.ipv.pt/index.php/cursos/licenciaturas'),
('9087', 1515, '111,5', '133,0', 'https://fenix.isa.ulisboa.pt/qubEdu/cursos/mealim/template-lateral/plano-curricular'),
('9087', 3041, ' ', ' ', 'http://portal3.ipb.pt/index.php/pt/guiaects/cursos/licenciaturas/curso?cod_escola=3041&cod_curso=9087'),
('9087', 3083, ' ', '134,5', 'https://www.ualg.pt/curso/1445'),
('9087', 3105, '120,8', ' ', 'https://www.ipleiria.pt/curso/licenciatura-em-engenharia-alimentar/'),
('9087', 3163, '118,3', ' ', 'https://www.ipvc.pt/en/cursos/engenharia-alimentar-2/'),
('9087', 3185, '170,2', ' ', 'https://www.esav.ipv.pt/index.php/cursos/licenciaturas'),
('9089', 300, '107,6', '132,8', 'https://www.ua.pt/pt/curso/491'),
('9089', 400, '158,6', '119,2', 'https://www.ubi.pt/curso/9'),
('9089', 501, '109,3', '107,3', 'https://apps.uc.pt/courses/PT/course/8821'),
('9089', 903, '126,6', '141,6', 'https://www.fct.unl.pt/ensino/curso/licenciatura-em-engenharia-civil'),
('9089', 1000, '111,2', '137,2', 'https://www.uminho.pt/pt/ensino/oferta-educativa/_layouts/15/uminho.portalum.ui/pages/catalogocursodetail.aspx?itemid=2812&catid=8'),
('9089', 1105, '122,3', '142,5', 'https://paginas.fe.up.pt/~estudar/cursos/licenciatura-engenharia-civil/'),
('9089', 1203, '121,7', '119,7', 'https://www.utad.pt/estudar/en/cursos/civil-engineering/'),
('9089', 1307, '152,6', ' ', 'https://www.uma.pt/ensino/1o-ciclo/licenciatura-em-engenharia-civil/'),
('9089', 1518, '135,5', '148,5', 'https://tecnico.ulisboa.pt/pt/ensino/cursos/mestrados/engenharia-civil/'),
('9089', 2404, 'Informação não disponível', 'Informação não disponível', 'http://www.fam.ulusiada.pt/noticias/artigo.php?news_id=1206'),
('9089', 2750, 'Informação não disponível', 'Informação não disponível', 'https://www.ufp.pt/inicio/estudar-e-investigar/licenciaturas/engenharia-civil/'),
('9089', 2800, 'Informação não disponível', 'Informação não disponível', 'https://www.ulusofona.pt/licenciatura/engenharia-civil'),
('9089', 3043, ' ', ' ', 'http://portal3.ipb.pt/index.php/pt/guiaects/cursos/licenciaturas/curso?cod_escola=3043&cod_curso=9089'),
('9089', 3053, ' ', ' ', 'https://www.ipcb.pt/esacb/ensino/licenciatura-em-engenharia-de-proteccao-civil'),
('9089', 3064, ' ', '131,2', 'https://www.ipc.pt/pt/estudar/cursos/23607'),
('9089', 3083, ' ', '123,0', 'https://www.ualg.pt/en/curso/1449'),
('9089', 3092, ' ', ' ', 'http://www.ipg.pt/website/ensino_licenciatura.aspx?id=3&curso=Engenharia%20Civil'),
('9089', 3102, ' ', '120,3', 'https://www.ipleiria.pt/curso/licenciatura-em-engenharia-civil/'),
('9089', 3118, '110,8', '116,1', 'https://www.isel.pt/cursos/licenciaturas/engenharia-civil'),
('9089', 3135, '122,6', '145,4', 'https://www.isep.ipp.pt/Course/Course/35'),
('9089', 3154, ' ', ' ', 'https://www.estbarreiro.ips.pt/cursos/licenciaturas/lec'),
('9089', 3182, '121,0', ' ', 'https://www.estgv.ipv.pt/estgv/?v=189'),
('9089', 4032, 'Informação não disponível', 'Informação não disponível', 'https://www.ulp.pt/licenciaturas/engenharia-civil'),
('9090', 3154, ' ', ' ', 'https://www.estbarreiro.ips.pt/cursos/licenciaturas/lec'),
('9092', 3152, '167,4', '120,0', 'https://www.estsetubal.ips.pt/cursos/licenciaturas/eaci'),
('9096', 300, '125,6', '125,0', 'https://www.ua.pt/pt/c/428/p'),
('9096', 903, '146,6', '125,2', 'https://www.fct.unl.pt/ensino/curso/mestrado-integrado-em-engenharia-de-materiais'),
('9096', 1000, '154,6', '151,8', 'https://www.uminho.pt/pt/ensino/oferta-educativa/_layouts/15/uminho.portalum.ui/pages/catalogocursodetail.aspx?itemid=2814&catid=8'),
('9096', 1105, 'Informação não disponível', 'Informação não disponível', 'https://paginas.fe.up.pt/~estudar/cursos/licenciatura-engenharia-materiais/'),
('9096', 1518, '167,3', '172,3', 'https://tecnico.ulisboa.pt/pt/ensino/cursos/licenciaturas/engenharia-de-materiais/'),
('9096', 2710, 'Informação não disponível', 'Informação não disponível', 'https://www.uatlantica.pt/index.php/course/engenharia-de-materiais-lic/'),
('9097', 4283, 'Informação não disponível', 'Informação não disponível', 'https://isvouga.pt/en/courses/lic/industrial-production-engineering/'),
('9098', 1000, '123,8', '142,8', 'https://www.uminho.pt/pt/_layouts/15/uminho.portalum.ui/pages/catalogocursodetail.aspx?cid=t000069&catid=5'),
('9098', 1519, '154,0', '161,0', 'https://tecnico.ulisboa.pt/pt/ensino/cursos/licenciaturas/engenharia-de-telecomunicacoes-e-informatica/'),
('9098', 3135, '133,1', '156,9', 'https://www.isep.ipp.pt/Course/Course/473'),
('9098', 6800, '137,8', '161,0', 'https://www.iscte-iul.pt/curso/2/licenciatura-engenharia-de-telecomunicacoes-informatica'),
('9099', 300, '116,4', '168,2', 'https://www.ua.pt/pt/curso/484'),
('9099', 501, '113,3', '112,8', 'https://apps.uc.pt/courses/PT/course/8881'),
('9099', 903, '136,0', '137,4', 'https://www.fct.unl.pt/ensino/curso/licenciatura-em-engenharia-do-ambiente'),
('9099', 1105, '144,8', '155,0', 'https://paginas.fe.up.pt/~estudar/cursos/licenciatura-engenharia-ambiente/'),
('9099', 1515, '128,8', '137,5', 'https://fenix.isa.ulisboa.pt/qubEdu/cursos/meamb/template-lateral/plano-curricular'),
('9099', 1518, '161,3', '162,0', 'https://tecnico.ulisboa.pt/pt/ensino/cursos/mestrados/engenharia-do-ambiente/'),
('9099', 2800, 'Informação não disponível', 'Informação não disponível', 'https://www.ulusofona.pt/licenciatura/engenharia-do-ambiente'),
('9099', 3021, ' ', ' ', 'https://www.ipbeja.pt/cursos/esa-engamb/Paginas/default.aspx'),
('9099', 3041, ' ', ' ', 'http://portal3.ipb.pt/index.php/pt/guiaects/cursos/licenciaturas/curso?cod_escola=3041&cod_curso=9099');
INSERT INTO `instituicoes_has_curso` (`cursos_ID`, `instituicoes_ID`, `nota_ult_1fase`, `nota_ult_2fase`, `plano_curso`) VALUES
('9099', 3182, '149,4', ' ', 'https://www.estgv.ipv.pt/estgv/?v=191'),
('9099', 4032, 'Informação não disponível', 'Informação não disponível', 'https://www.ulusofona.pt/licenciatura/engenharia-do-ambiente'),
('9104', 300, '169,6', '171,8', 'https://www.ua.pt/pt/curso/437'),
('9104', 400, '136,8', '125,7', 'https://www.ubi.pt/PlanoDeEstudos/826/1694/2021'),
('9104', 501, '158,3', '159,5', 'https://apps.uc.pt/courses/pt/course/324'),
('9104', 602, '140,4', '146,8', 'https://www.uevora.pt/estudar/cursos/licenciaturas?curso=2536'),
('9104', 903, '165,6', '164,4', 'https://www.fct.unl.pt/ensino/curso/licenciatura-em-engenharia-e-gestao-industrial'),
('9104', 1000, '181,6', '183,2', 'https://www.uminho.pt/pt/ensino/oferta-educativa/_layouts/15/uminho.portalum.ui/pages/catalogocursodetail.aspx?itemid=2818&catid=8'),
('9104', 1105, '191,3', '192,8', 'https://paginas.fe.up.pt/~estudar/cursos/licenciatura-engenharia-gestao-industrial/'),
('9104', 1203, '119,5', '136,9', 'https://www.utad.pt/estudar/cursos/engenharia-e-gestao-industrial/'),
('9104', 1519, '177,3', '175,8', 'https://tecnico.ulisboa.pt/pt/ensino/cursos/licenciaturas/engenharia-e-gestao-industrial/'),
('9104', 2404, 'Informação não disponível', 'Informação não disponível', 'http://www.fam.ulusiada.pt/noticias/artigo.php?news_id=708'),
('9104', 2500, 'Informação não disponível', 'Informação não disponível', 'https://www.upt.pt/curso.php?e=1063'),
('9104', 2800, 'Informação não disponível', 'Informação não disponível', 'https://www.ulusofona.pt/licenciatura/engenharia-e-gestao-industrial'),
('9104', 3032, '119,1', '113,3', 'https://est.ipca.pt/en/curso/industrial-engineering-and-management/'),
('9104', 3064, '141,1', '145,9', 'https://www.isec.pt/pt/estudar/licenciaturas/EngGI/'),
('9104', 3102, '120,0', '122,3', 'https://www.ipleiria.pt/curso/licenciatura-em-engenharia-e-gestao-industrial/'),
('9104', 3135, '182,7', ' ', 'https://www.ipp.pt/ensino/cursos/licenciatura/isep/219'),
('9105', 400, '112,5', '114,3', 'https://www.ubi.pt/curso/8'),
('9105', 3064, '112,6', '124,2', 'https://www.isec.pt/PT/estudar/licenciaturas/EngElectromecanica/'),
('9106', 4442, 'Informação não disponível', 'Informação não disponível', 'https://www.ispgaya.pt/site/por/courses/view/1'),
('9107', 1307, '142,9', '126,8', 'https://www.uma.pt/ensino/1o-ciclo/licenciatura-em-electronica-e-telecomunicacoes/'),
('9108', 3118, '112,2', '135,4', 'https://www.isel.pt/cursos/licenciaturas/engenharia-electronica-e-telecomunicacoes-e-de-computadores'),
('9109', 2800, 'Informação não disponível', 'Informação não disponível', 'https://www.ulusofona.pt/licenciatura/engenharia-eletrotecnica'),
('9109', 3064, '114,2', '105,8', 'https://www.isec.pt/PT/estudar/licenciaturas/EngElectrotecnica/'),
('9109', 3118, '113,1', '108,6', 'https://www.ipl.pt/estudar/cursos/licenciaturas/engenharia-eletrotecnica'),
('9109', 3182, '133,0', ' ', 'https://www.estgv.ipv.pt/estgv/?v=193'),
('9110', 3135, '136,6', '150,5', 'https://www.ipp.pt/ensino/cursos/licenciatura/isep/168'),
('9111', 3053, ' ', ' ', 'https://www.ipcb.pt/ensino'),
('9112', 400, '137,1', '119,5', 'https://www.ubi.pt/curso/27'),
('9112', 3032, '115,5', '112,6', 'https://est.ipca.pt/curso/electrotecnica-e-de-computadores/'),
('9112', 3043, ' ', ' ', 'http://portal3.ipb.pt/index.php/pt/guiaects/cursos/licenciaturas/curso?cod_escola=3043&cod_curso=9112'),
('9112', 3102, '116,4', '118,5', 'https://www.ipleiria.pt/curso/licenciatura-em-engenharia-eletrotecnica-e-de-computadores/'),
('9112', 3135, '147,2', '158,6', 'https://www.isep.ipp.pt/Course/Course/23'),
('9112', 3152, '116,7', '112,7', 'https://www.estsetubal.ips.pt/cursos/licenciaturas/eec'),
('9112', 3242, '121,7', ' ', 'http://portal2.ipt.pt/pt/cursos/licenciaturas/l_-_eec/Plano_curricular/'),
('9113', 300, '161,0', '168,8', 'https://www.ua.pt/pt/curso/485'),
('9113', 501, '167,8', '166,0', 'https://apps.uc.pt/courses/pt/course/349'),
('9113', 903, '175,2', ' ', 'https://www.fct.unl.pt/ensino/curso/licenciatura-em-engenharia-fisica'),
('9113', 1000, '174,4', '180,8', 'https://www.uminho.pt/pt/ensino/oferta-educativa/_layouts/15/uminho.portalum.ui/pages/catalogocursodetail.aspx?itemid=2959&catid=8'),
('9113', 1103, '176,0', '175,0', 'https://sigarra.up.pt/fcup/pt/cur_geral.cur_view?pv_ano_lectivo=2021&pv_curso_id=23141&pv_origem=CUR&pv_tipo_cur_sigla=L'),
('9113', 1503, '167,3', '181,3', 'https://fenix.ciencias.ulisboa.pt/degrees/fisica-564500436615320/curriculo'),
('9116', 903, '114,2', '133,2', 'https://www.fct.unl.pt/ensino/curso/licenciatura-em-engenharia-geologica'),
('9117', 3135, '122,7', '136,2', 'https://www.isep.ipp.pt/course/course/25'),
('9118', 3053, ' ', ' ', 'https://www.ipcb.pt/estcb/ensino/licenciatura-em-engenharia-industrial'),
('9119', 203, '108,4', '126,4', 'https://www.ualg.pt/en/curso/1478'),
('9119', 300, '177,5', '185,5', 'https://www.ua.pt/pt/curso/383'),
('9119', 400, '136,6', '148,5', 'http://www.ubi.pt/PlanoDeEstudos/42/1638/2020'),
('9119', 501, '162,0', '176,5', 'https://apps.uc.pt/courses/pt/course/362'),
('9119', 602, '133,9', '143,6', 'https://www.uevora.pt/estudar/cursos/licenciaturas?curso=2570'),
('9119', 903, '165,0', '167,8', 'https://www.fct.unl.pt/ensino/curso/licenciatura-em-engenharia-informatica'),
('9119', 1000, '171,8', '186,6', 'https://miei.di.uminho.pt/plano_estudos.html'),
('9119', 1203, '134,6', '144,9', 'https://www.utad.pt/estudar/cursos/engenharia-informatica/'),
('9119', 1307, '114,4', '126,2', 'https://www.uma.pt/ensino/1o-ciclo/licenciatura-em-engenharia-informatica/'),
('9119', 1503, '161,5', '174,0', 'https://fenix.ciencias.ulisboa.pt/degrees/engenharia-informatica-564500436615278'),
('9119', 2100, 'Informação não disponível', 'Informação não disponível', 'https://autonoma.pt/cursos/engenharia-informatica/'),
('9119', 2400, 'Informação não disponível', 'Informação não disponível', 'https://www.lis.ulusiada.pt/pt-pt/cursos/1314/1%C2%BAciclo%E2%80%93licenciaturasemestradosintegrados/engenhariainform%C3%A1tica.aspx'),
('9119', 2500, 'Informação não disponível', 'Informação não disponível', 'https://www.upt.pt/curso.php?e=1013'),
('9119', 2750, 'Informação não disponível', 'Informação não disponível', 'https://www.ufp.pt/inicio/estudar-e-investigar/licenciaturas/engenharia-informatica/'),
('9119', 2800, 'Informação não disponível', 'Informação não disponível', 'https://www.ulusofona.pt/licenciatura/engenharia-informatica'),
('9119', 3023, '121,3', '105,4', 'https://www.ipbeja.pt/cursos/estig-ei/Paginas/default.aspx'),
('9119', 3043, '111,4', '113,0', 'http://portal3.ipb.pt/index.php/pt/guiaects/cursos/licenciaturas/curso?cod_escola=3043&cod_curso=9119'),
('9119', 3053, '117,4', '110,0', 'https://www.ipcb.pt/estcb/ensino/licenciatura-em-engenharia-informatica'),
('9119', 3064, '141,5', '155,1', 'https://www.ipc.pt/pt/estudar/cursos/23852'),
('9119', 3065, '102,1', '111,5', 'https://www.ipc.pt/ipc/oferta-formativa/licenciatura-em-engenharia-informatica/'),
('9119', 3092, '112,3', '107,0', 'http://www.ipg.pt/website/ensino_licenciatura.aspx?id=4&curso=Engenharia%20Inform%C3%A1tica'),
('9119', 3102, '135,3', '151,1', 'https://www.ipleiria.pt/curso/licenciatura-em-engenharia-informatica/'),
('9119', 3122, '125,0', '115,1', 'https://www.ipportalegre.pt/oferta-formativa/engenharia-informatica'),
('9119', 3135, '167,2', '172,0', 'https://www.ipp.pt/ensino/cursos/licenciatura/isep/198'),
('9119', 3138, '145,6', '151,1', 'https://www.estg.ipp.pt/cursos/licenciatura/551'),
('9119', 3152, '137,7', '155,1', 'https://www.estsetubal.ips.pt/cursos/licenciaturas/ei'),
('9119', 3163, '129,8', '145,2', 'https://www.ipvc.pt/en/cursos/engenharia-informatica/'),
('9119', 3182, '129,6', '128,5', 'https://www.estgv.ipv.pt/estgv/?v=194'),
('9119', 3242, '112,3', '111,9', 'http://portal2.ipt.pt/pt/cursos/licenciaturas/l_-_ei/Plano_curricular/'),
('9119', 4032, 'Informação não disponível', 'Informação não disponível', 'https://www.ulp.pt/licenciatura/engenharia-informatica'),
('9119', 4350, 'Informação não disponível', 'Informação não disponível', 'https://www.iade.europeia.pt/cursos/licenciaturas/licenciaturas/engenharia-de-informatica'),
('9119', 4375, 'Informação não disponível', 'Informação não disponível', 'https://www.ismat.pt/ensino/licenciaturas/licenciatura-em-engenharia-informatica.html'),
('9119', 4442, 'Informação não disponível', 'Informação não disponível', 'https://www.ispgaya.pt/site/por/courses/view/2'),
('9119', 4572, 'Informação não disponível', 'Informação não disponível', 'https://www.islagaia.pt/pt/ensino/licenciaturas/652-engenharia-informatica.html'),
('9119', 4602, 'Informação não disponível', 'Informação não disponível', 'https://ipiaget.org/licenciaturas/engenharia-informatica/'),
('9119', 4640, 'Informação não disponível', 'Informação não disponível', 'https://www.istec.pt/index.php/en/homepage_ing/'),
('9119', 6800, '168,5', '179,5', 'https://www.iscte-iul.pt/curso/3/licenciatura-engenharia-informatica'),
('9121', 1518, '183,5', '184,5', 'https://tecnico.ulisboa.pt/pt/ensino/cursos/licenciaturas/engenharia-informatica-e-de-computadores/'),
('9121', 1519, '177,0', '183,0', 'https://www.ulisboa.pt/curso/licenciatura/engenharia-informatica-e-de-computadores-taguspark'),
('9121', 3118, '147,5', '165,0', 'https://www.ipl.pt/estudar/cursos/licenciaturas/engenharia-informatica-e-de-computadores'),
('9122', 3186, '129,4', '115,1', 'http://www1.estgl.ipv.pt/arquivo/avada_portfolio/engenharia-informatica-e-telecomunicacoes'),
('9123', 300, '161,8', '167,8', 'https://www.ua.pt/pt/curso/482'),
('9123', 501, '150,3', '153,3', 'https://apps.uc.pt/courses/PT/course/8801'),
('9123', 903, '163,8', '161,6', 'https://www.fct.unl.pt/ensino/curso/licenciatura-em-engenharia-mecanica'),
('9123', 1000, '170,8', '164,8', 'https://www.uminho.pt/pt/ensino/oferta-educativa/_layouts/15/uminho.portalum.ui/pages/catalogocursodetail.aspx?itemid=2820&catid=8'),
('9123', 1105, '185,5', '190,5', 'https://sigarra.up.pt/feup/pt/cur_geral.cur_planos_estudos_view?pv_plano_id=2484&pv_ano_lectivo=2019&pv_tipo_cur_sigla=MI&pv_origem=CUR'),
('9123', 1203, '132,5', '137,3', 'https://www.utad.pt/estudar/cursos/engenharia-mecanica/'),
('9123', 1518, '181,0', '178,5', 'https://tecnico.ulisboa.pt/pt/ensino/cursos/licenciaturas/engenharia-mecanica/'),
('9123', 2404, 'Informação não disponível', 'Informação não disponível', 'http://www.fam.ulusiada.pt/noticias/artigo.php?news_id=1395'),
('9123', 2710, 'Informação não disponível', 'Informação não disponível', 'https://www.uatlantica.pt/pdfs/plano_de_estudos_licenciaturas/2020_05_20_Atlantica_PDF_Plano_ENG_EngenhariaMecanicaA4.pdf'),
('9123', 3043, ' ', '111,5', 'http://portal3.ipb.pt/index.php/pt/guiaects/cursos/licenciaturas/curso?cod_escola=3043&cod_curso=9123'),
('9123', 3064, '107,7', '132,5', 'https://www.isec.pt/PT/estudar/licenciaturas/EngMecanica/'),
('9123', 3083, '128,4', '115,0', 'https://www.ualg.pt/en/curso/1441'),
('9123', 3102, '111,0', '110,7', 'https://www.ipleiria.pt/curso/licenciatura-em-engenharia-mecanica/'),
('9123', 3118, '122,6', '150,6', 'https://www.isel.pt/cursos/licenciaturas/engenharia-mecanica'),
('9123', 3135, '166,8', '166,3', 'https://www.ipp.pt/ensino/cursos/licenciatura/isep/199'),
('9123', 3152, '117,5', '101,5', 'https://www.estsetubal.ips.pt/cursos/licenciaturas/em'),
('9123', 3163, '124,9', '115,2', 'https://www.ipvc.pt/en/cursos/engenharia-mecanica/'),
('9123', 3182, '124,5', '125,2', 'https://www.estgv.ipv.pt/estgv/?v=195'),
('9123', 3243, ' ', ' ', 'http://portal2.ipt.pt/pt/cursos/licenciaturas/l_-_em/Plano_curricular/'),
('9123', 4442, 'Informação não disponível', 'Informação não disponível', 'https://www.ispgaya.pt/site/por/courses/view/42'),
('9124', 4530, 'Informação não disponível', 'Informação não disponível', 'https://www.istec.pt/index.php/en/eng_engenharia-multimedia/'),
('9124', 4640, 'Informação não disponível', 'Informação não disponível', 'https://www.istec.pt/index.php/en/homepage_ing/'),
('9125', 300, '148,0', '145,8', 'https://www.ua.pt/pt/curso/479'),
('9125', 501, '143,3', '133,0', 'https://www.uc.pt/QMed/Plano_estudos'),
('9125', 1105, '178,0', '180,3', 'https://sigarra.up.pt/feup/pt/cur_geral.cur_view?pv_curso_id=745'),
('9125', 1518, '170,3', '172,5', 'https://tecnico.ulisboa.pt/pt/ensino/cursos/licenciaturas/engenharia-quimica/'),
('9125', 3043, '137,6', ' ', 'http://portal3.ipb.pt/index.php/pt/guiaects/cursos/licenciaturas/curso?cod_escola=3043&cod_curso=9125'),
('9125', 3135, '160,3', '154,4', 'https://www.isep.ipp.pt/course/course/28'),
('9126', 903, 'Informação não disponível', 'Informação não disponível', 'https://www.fct.unl.pt/ensino/curso/licenciatura-em-engenharia-quimica-e-biologica'),
('9126', 1000, 'Informação não disponível', 'Informação não disponível', 'https://www.uminho.pt/pt/ensino/oferta-educativa/cursos-conferentes-a-grau/_layouts/15/uminho.portalum.ui/pages/catalogocursodetail.aspx?itemid=4083&catid=12'),
('9126', 3118, '118,6', '114,4', 'https://www.isel.pt/cursos/licenciaturas/engenharia-quimica-e-biologica'),
('9127', 1000, '127,4', '124,0', 'https://www.uminho.pt/pt/ensino/oferta-educativa/_layouts/15/uminho.portalum.ui/pages/catalogocursodetail.aspx?itemid=2960&catid=8'),
('9128', 3092, ' ', ' ', 'http://www.estg.ipg.pt/ensino_licenciatura.aspx?id=5&curso=Engenharia%20Topogr%C3%A1fica'),
('9129', 1201, '121,4', '113,1', 'https://www.utad.pt/estudar/cursos/engenharia-zootecnica/'),
('9129', 1515, '120,5', '133,3', 'https://fenix.isa.ulisboa.pt/qubEdu/publico/degreeSite/showDegreeCurricularPlanBolonha.faces;jsessionid=08020E491AFAF75F6906A000880A2FD0?degreeID=3251290243314&degreeCurricularPlanID=3320009719961&executionPeriodOID=60129543349&organizeBy=groups&showRules=false&hideCourses=false&contentContextPath_PATH=/cursos/lez/template-lateral/plano-curricular&_request_checksum_=01a9d75ed51eeeb52f7d5acafd30edf475ab2b01'),
('9129', 3041, ' ', ' ', 'http://portal3.ipb.pt/index.php/pt/guiaects/cursos/licenciaturas/curso?cod_escola=3041&cod_curso=9129'),
('9129', 3185, '113,3', '124,4', 'https://www.esav.ipv.pt/index.php/cursos/licenciaturas'),
('9130', 3123, '127,1', '115,0', 'https://www.ipportalegre.pt/oferta-formativa/equinicultura'),
('9131', 1506, '119,5', '141,0', 'https://www.ulisboa.pt/curso/licenciatura/estudos-africanos'),
('9132', 505, '140,5', '143,5', 'https://apps.uc.pt/courses/PT/course/5461'),
('9133', 505, '131,5', '140,5', 'https://apps.uc.pt/courses/pt/course/5481'),
('9133', 1506, '131,5', '142,0', 'https://www.ulisboa.pt/curso/licenciatura/estudos-classicos'),
('9134', 1000, '143,2', '151,2', 'https://www.ilch.uminho.pt/pt/Ensino/Paginas/Licenciatura-em-Estudos-Culturais.aspx'),
('9135', 505, '157,5', '156,0', 'https://apps.uc.pt/courses/pt/course/5482'),
('9135', 1506, '155,0', '157,0', 'https://www.ulisboa.pt/curso/licenciatura/estudos-europeus'),
('9136', 2800, 'Informação não disponível', 'Informação não disponível', 'https://www.ulusofona.pt/licenciatura/estudos-europeus-e-relacoes-internacionais'),
('9139', 505, '133,5', '133,5', 'https://apps.uc.pt/courses/pt/course/5501'),
('9139', 902, '150,5', '139,5', 'https://www.fcsh.unl.pt/cursos/licenciatura_em_filosofia/'),
('9139', 1000, '126,4', '131,6', 'https://www.ilch.uminho.pt/pt/Ensino/Paginas/Licenciatura-em-Filosofia.aspx'),
('9139', 1107, '143,6', '143,2', 'https://sigarra.up.pt/flup/pt/cur_geral.cur_planos_estudos_view?pv_ano_lectivo=2020&pv_plano_id=1571'),
('9139', 1506, '136,5', '141,5', 'https://www.letras.ulisboa.pt/pt/ensino/licenciaturas/cursos'),
('9139', 2220, 'Informação não disponível', 'Informação não disponível', 'https://www.ucp.pt/pt-pt/ensino/cursos/licenciaturas'),
('9139', 2223, 'Informação não disponível', 'Informação não disponível', 'https://ffcs.braga.ucp.pt/'),
('9140', 3011, '147,2', '147,8', 'https://www.ua.pt/pt/curso/50'),
('9140', 3031, '141,5', '144,0', 'https://esg.ipca.pt/curso/financas/'),
('9141', 300, '143,8', '131,8', 'https://www.ua.pt/pt/c/33/p'),
('9141', 501, '163,8', '135,3', 'https://www.uc.pt/fctuc'),
('9141', 1000, '137,2', '131,4', 'https://www.uminho.pt/pt/ensino/oferta-educativa/_layouts/15/uminho.portalum.ui/pages/catalogocursodetail.aspx?itemid=2986&catid=8'),
('9141', 1103, '176,3', '168,3', 'https://sigarra.up.pt/fcup/pt/cur_geral.cur_planos_estudos_view?pv_ano_lectivo=2014&pv_plano_id=3426'),
('9141', 1503, '169,0', '171,0', 'https://fenix.ciencias.ulisboa.pt/degrees/fisica-564500436615320'),
('9143', 505, '125,5', '136,0', 'https://apps.uc.pt/courses/pt/course/5561'),
('9143', 602, '116,8', '142,3', 'https://www.uevora.pt/estudar/cursos/licenciaturas?curso=2568'),
('9143', 1107, '136,6', '142,8', 'https://sigarra.up.pt/flup/pt/cur_geral.cur_view?pv_curso_id=341&pv_origem=CAND'),
('9143', 1514, '133,0', '134,5', 'http://www.igot.ulisboa.pt/ensino/licenciatura-em-geografia/plano-de-estudos-2021-22/'),
('9145', 902, '145,5', '143,0', 'https://www.fcsh.unl.pt/cursos/licenciatura_em_geografia_e_planeamento_regional/'),
('9146', 300, '103,0', '130,0', 'https://www.ua.pt/pt/curso/418'),
('9146', 501, '100,5', '113,5', 'https://apps.uc.pt/courses/pt/course/350'),
('9146', 1000, '110,0', '118,4', 'https://www.ecum.uminho.pt/pt/Ensino/Paginas/licenciaturas/Licenciatura-em-Geologia.aspx'),
('9146', 1103, '115,5', '123,0', 'https://sigarra.up.pt/fcup/pt/cur_geral.cur_view?pv_ano_lectivo=2021&pv_curso_id=889'),
('9146', 1503, '134,0', '152,5', 'https://fenix.ciencias.ulisboa.pt/degrees/geologia-564500436615334/curriculo'),
('9147', 170, '133,2', '132,6', 'https://uac.pt/ensino/curso.php?id=4325&l=PT&a=2021/2022&f=FEG'),
('9147', 300, '171,8', '173,6', 'https://www.ua.pt/pt/curso/34'),
('9147', 400, '152,0', '153,6', 'https://www.ubi.pt/PlanoDeEstudos/28/1618/2020'),
('9147', 503, '169,0', '172,5', 'https://apps.uc.pt/courses/PT/programme/857/2021-2022?id_branch=16822'),
('9147', 604, '146,4', '145,0', 'https://www.uevora.pt/estudar/cursos/licenciaturas?curso=2556'),
('9147', 904, '182,0', '184,0', 'https://www.novaims.unl.pt/lgi-plano-estudos'),
('9147', 1000, '176,4', '180,8', 'https://www.eeg.uminho.pt/pt/estudar/Licenciaturas/Paginas/gest%C3%A3o.aspx'),
('9147', 1104, '185,0', '189,5', 'https://sigarra.up.pt/fep/pt/cur_geral.cur_view?pv_curso_id=1046'),
('9147', 1202, '157,8', '158,0', 'https://www.utad.pt/estudar/cursos/gestao/'),
('9147', 1308, '143,9', '148,1', 'https://www.uma.pt/ensino/1o-ciclo/gestao/'),
('9147', 1517, '167,5', '172,0', 'https://www.iseg.ulisboa.pt/aquila/cursos/eco/plano-curricular'),
('9147', 2100, 'Informação não disponível', 'Informação não disponível', 'https://autonoma.pt/cursos/gestao/'),
('9147', 2228, 'Informação não disponível', 'Informação não disponível', 'http://icm.crb.ucp.pt/site/custom/template/ucptplfachome.asp?sspageid=1257&lang=1'),
('9147', 2271, 'Informação não disponível', 'Informação não disponível', 'https://www.catolicabs.porto.ucp.pt/pt/economia-e-gestao'),
('9147', 2404, 'Informação não disponível', 'Informação não disponível', 'http://www.fam.ulusiada.pt/noticias/artigo.php?news_id=2540'),
('9147', 2500, 'Informação não disponível', 'Informação não disponível', 'https://www.upt.pt/curso.php?e=1014'),
('9147', 2710, 'Informação não disponível', 'Informação não disponível', 'https://www.uatlantica.pt/index.php/course/licenciatura-em-gestao/'),
('9147', 3043, '125,4', '115,8', 'http://portal3.ipb.pt/index.php/pt/guiaects/cursos/licenciaturas/curso?cod_escola=3043&cod_curso=9147'),
('9147', 3054, '104,8', '110,3', 'https://www.ipcb.pt/esgin/escola-superior-de-gestao'),
('9147', 3065, '138,2', '130,2', 'https://www.ipc.pt/pt/estudar/cursos/24624'),
('9147', 3082, '133,3', '139,6', 'https://esght.ualg.pt/curso/1418/plano'),
('9147', 3087, '123,5', '126,4', 'https://esght.ualg.pt/en/curso/1420'),
('9147', 3092, '112,6', '105,4', 'http://www.ipg.pt/website/ensino_licenciatura.aspx?id=6&curso=Gest%C3%A3o'),
('9147', 3102, '140,0', '144,8', 'https://www.ipleiria.pt/curso/licenciatura-em-gestao/'),
('9147', 3117, '156,1', '158,4', 'https://www.iscal.ipl.pt/cursos/1781/plano-de-estudos'),
('9147', 3122, '109,7', '121,8', 'https://www.ipportalegre.pt/oferta-formativa/gestao'),
('9147', 3163, '144,2', '147,8', 'https://www.ipvc.pt/en/cursos/gestao/'),
('9147', 4032, 'Informação não disponível', 'Informação não disponível', 'https://www.ulp.pt/licenciaturas/gestao'),
('9147', 4115, 'Informação não disponível', 'Informação não disponível', 'https://www.iesfafe.pt/index.php?option=com_content&view=section&id=3&layout=blog&Itemid=6&lang=pt'),
('9147', 4200, 'Informação não disponível', 'Informação não disponível', 'https://www.isag.pt/'),
('9147', 4300, 'Informação não disponível', 'Informação não disponível', 'https://www.isg.pt/home/oferta-formativa/licenciaturas/gestao/'),
('9147', 4306, 'Informação não disponível', 'Informação não disponível', 'https://ipiaget.org/iseitalmada/'),
('9147', 4350, 'Informação não disponível', 'Informação não disponível', 'https://www.europeia.pt/oferta-formativa/licenciaturas/licenciaturas/gestao1'),
('9147', 4444, 'Informação não disponível', 'Informação não disponível', 'https://www.ispgaya.pt/site/por/courses/view/9'),
('9147', 4500, 'Informação não disponível', 'Informação não disponível', 'https://ismt.pt/pt/gestao'),
('9147', 6800, '173,5', '179,0', 'https://www.iscte-iul.pt/curso/4/licenciatura-gestao'),
('9148', 3082, '118,7', '123,1', 'https://www.ualg.pt/curso/1419/plano'),
('9148', 3087, '119,1', '111,3', 'https://esght.ualg.pt/curso/1421'),
('9148', 3163, '118,4', '102,0', 'https://www.ipvc.pt/en/cursos/gestao/'),
('9151', 2400, 'Informação não disponível', 'Informação não disponível', 'https://www.por.ulusiada.pt/cursos/1ciclo/1ciclo.php?cp=241'),
('9151', 2403, 'Informação não disponível', 'Informação não disponível', 'https://www.por.ulusiada.pt/cursos/1ciclo/1ciclo.php?cp=241'),
('9152', 204, '137,7', '137,5', 'https://fe.ualg.pt/curso/1439/plano'),
('9152', 2800, 'Informação não disponível', 'Informação não disponível', 'https://www.ulusofona.pt/licenciatura/gestao-de-empresas'),
('9152', 3023, '113,5', '124,3', 'https://www.ipbeja.pt/cursos/estig-ge/Paginas/PlanodeEstudos.aspx'),
('9152', 3031, '153,9', '159,1', 'https://esg.ipca.pt/curso/gestao-empresarial/'),
('9152', 3063, '149,8', '150,7', 'https://www.ipc.pt/pt/estudar/cursos/22477'),
('9152', 3143, '119,2', '126,7', 'https://siesgt.ipsantarem.pt/esgt/web_base.gera_pagina?P_pagina=1344750'),
('9152', 3182, '128,9', '136,5', 'https://www.estgv.ipv.pt/estgv/?v=196'),
('9152', 3241, '106,0', '104,8', 'http://portal2.ipt.pt/pt/cursos/licenciaturas/l_-_ge/Plano_curricular/'),
('9152', 4200, 'Informação não disponível', 'Informação não disponível', 'https://www.isag.pt/isag/cursos_geral.FormView?P_CUR_SIGLA=LGE'),
('9152', 4220, 'Informação não disponível', 'Informação não disponível', 'https://isal.pt/ensino/licenciaturas/gestao-de-empresas/'),
('9152', 4280, 'Informação não disponível', 'Informação não disponível', 'https://www.iscet.pt/'),
('9152', 4283, 'Informação não disponível', 'Informação não disponível', 'https://isvouga.pt/pt/cursos/lic/gestao-de-empresas/'),
('9152', 4350, 'Informação não disponível', 'Informação não disponível', 'https://www.europeia.pt/oferta-formativa/licenciaturas/licenciaturas-pos-laborais/gestao-de-empresas'),
('9152', 4375, 'Informação não disponível', 'Informação não disponível', 'https://www.ismat.pt/ensino/licenciaturas/licenciatura-em-gestao-de-empresas.html'),
('9152', 4571, 'Informação não disponível', 'Informação não disponível', 'https://www.islagaia.pt/pt/ensino/licenciaturas/gestao-de-empresas.html'),
('9152', 4630, 'Informação não disponível', 'Informação não disponível', 'https://www.ismai.pt/pt/ensino/oferta-formativa/licenciaturas/gestao-de-empresas'),
('9155', 906, '167,9', '153,5', 'https://www.novaims.unl.pt/lgi-plano-estudos'),
('9156', 3143, '102,0', '129,3', 'https://siesgt.ipsantarem.pt/esgt/WEB_BASE.GERA_PAGINA?P_pagina=1359042'),
('9156', 4155, 'Informação não disponível', 'Informação não disponível', 'https://www.ipam.pt/porto'),
('9156', 4156, 'Informação não disponível', 'Informação não disponível', 'https://www.ipam.pt/lisboa/cursos/licenciaturas/licenciaturas/gestao-de-marketing'),
('9156', 4630, 'Informação não disponível', 'Informação não disponível', 'https://www.ismai.pt/pt/ensino/oferta-formativa/licenciaturas/gestao-de-marketing'),
('9156', 6800, '164,0', '169,5', 'https://www.iscte-iul.pt/curso/59/licenciatura-gestao-de-marketing'),
('9157', 1516, '161,0', '161,0', 'https://www.iscsp.ulisboa.pt/pt/cursos/oferta-graduada/licenciaturas/gestao-de-recursos-humanos'),
('9157', 2400, 'Informação não disponível', 'Informação não disponível', 'http://www.por.ulusiada.pt/downloads/geral/plano_estudos_gest_rec_humanos.pdf'),
('9157', 2800, 'Informação não disponível', 'Informação não disponível', 'https://www.ulusofona.pt/licenciatura/gestao-de-recursos-humanos'),
('9157', 3092, '106,1', '110,7', 'http://www.ipg.pt/website/ensino_licenciatura.aspx?id=7&curso=Gest%C3%A3o%20de%20Recursos%20Humanos'),
('9157', 3153, '143,4', '144,4', 'https://www.esce.ips.pt/cursos/licenciaturas/grh'),
('9157', 4292, 'Informação não disponível', 'Informação não disponível', 'http://www.isdom.pt/licenciaturas/gestao-de-recursos-humanos'),
('9157', 4300, 'Informação não disponível', 'Informação não disponível', 'https://www.isg.pt/home/oferta-formativa/licenciaturas/recursoshumanos/'),
('9157', 4350, 'Informação não disponível', 'Informação não disponível', 'https://www.europeia.pt/oferta-formativa/licenciaturas/licenciaturas/gestao-de-recursos-humanos3'),
('9157', 4352, 'Informação não disponível', 'Informação não disponível', 'https://www.islasantarem.pt/pt/ensino/cursos/mestrados/152-gestao-de-recursos-humanos'),
('9157', 4375, 'Informação não disponível', 'Informação não disponível', 'https://www.ismat.pt/ensino/licenciaturas/licenciatura-em-gestao-de-recursos-humanos.html'),
('9157', 4500, 'Informação não disponível', 'Informação não disponível', 'https://ismt.pt/pt/gestao-de-recursos-humanos'),
('9157', 4571, 'Informação não disponível', 'Informação não disponível', 'https://www.islagaia.pt/pt/ensino/licenciaturas/gestao-de-recursos-humanos.html'),
('9157', 4630, 'Informação não disponível', 'Informação não disponível', 'https://www.ismai.pt/pt/ensino/oferta-formativa/licenciaturas/gestao-de-recursos-humanos'),
('9157', 6800, '165,5', '165,5', 'https://www.iscte-iul.pt/curso/5/licenciatura-gestao-de-recursos-humanos'),
('9159', 2710, 'Informação não disponível', 'Informação não disponível', 'https://www.uatlantica.pt/index.php/course/gestao-de-sistemas-e-computacao/'),
('9162', 1510, '153,5', '164,0', 'http://www.fmh.utl.pt/pt/licenciaturas/ciencias-do-desporto/plano-de-estudos'),
('9162', 2100, 'Informação não disponível', 'Informação não disponível', 'https://autonoma.pt/cursos/gestao-do-desporto/'),
('9162', 4350, 'Informação não disponível', 'Informação não disponível', 'https://www.europeia.pt/oferta-formativa/licenciaturas/licenciaturas-globais/gestao-do-desporto'),
('9162', 4630, 'Informação não disponível', 'Informação não disponível', 'https://www.ismai.pt/pt/ensino/oferta-formativa/licenciaturas/gestao-do-desporto'),
('9163', 7110, '150,4', '150,8', 'https://www.eshte.pt/pt/artigos/licenciaturas/gestao-do-lazer-em-animacao-turistica'),
('9164', 3139, '156,3', '155,9', 'https://www.esht.ipp.pt/cursos/licenciatura/480'),
('9165', 3045, '110,0', '95,0', 'http://portal3.ipb.pt/index.php/pt/guiaects/escolas/escola-superior-de-comunicacao-administracao-e-turismo-de-mirandela'),
('9168', 3186, '113,0', '122,1', 'http://www1.estgl.ipv.pt/'),
('9169', 4141, 'Informação não disponível', 'Informação não disponível', 'https://www.abs.pt/'),
('9170', 2710, 'Informação não disponível', 'Informação não disponível', 'https://www.uatlantica.pt/index.php/course/gestao-em-saude/'),
('9171', 4612, 'Informação não disponível', 'Informação não disponível', 'https://www.ipluso.pt/escad-escola-superior-de-ciencias-da-administracao'),
('9173', 3082, '134,5', '135,1', 'https://esght.ualg.pt/curso/1417/plano'),
('9173', 3095, '108,7', '112,2', 'http://www.esth.ipg.pt/ensino_licenciatura.aspx?id=17&curso=Gest%C3%A3o%20Hoteleira'),
('9173', 4200, 'Informação não disponível', 'Informação não disponível', 'https://www.isag.pt/isag/cursos_geral.FormView?P_CUR_SIGLA=LGH'),
('9173', 4298, 'Informação não disponível', 'Informação não disponível', 'https://www.iseclisboa.pt/index.php/pt/'),
('9173', 4350, 'Informação não disponível', 'Informação não disponível', 'https://www.europeia.pt/oferta-formativa/licenciaturas/licenciaturas/gestao-hoteleira'),
('9174', 4020, 'Informação não disponível', 'Informação não disponível', 'https://esai.pt/lgi/al-2122/'),
('9177', 4270, 'Informação não disponível', 'Informação não disponível', 'https://www.isce.pt/'),
('9177', 4352, 'Informação não disponível', 'Informação não disponível', 'https://www.islasantarem.pt/pt/ensino/cursos/licenciaturas/260-gestao-turistica'),
('9177', 7110, '152,2', '151,4', 'https://www.eshte.pt/pt/artigos/licenciaturas/gestao-turistica'),
('9178', 3105, '118,9', '127,6', 'https://www.ipleiria.pt/curso/licenciatura-em-gestao-turistica-e-hoteleira/'),
('9179', 3186, '106,1', '109,9', 'http://www1.estgl.ipv.pt/arquivo/avada_portfolio/gestao-turistica-cultural-e-patrimonial'),
('9181', 150, '138,5', '137,5', 'https://uac.pt/ensino/curso.php?id=4110&l=PT&a=2020/2021&f=FCSH'),
('9181', 505, '154,0', '153,5', 'https://www.uc.pt/fluc/faqs/perguntas_frequentes/plano_estudos'),
('9181', 902, '169,0', '172,5', 'https://www.fcsh.unl.pt/cursos/licenciatura_em_historia/'),
('9181', 1000, '156,6', '166,0', 'https://www.ics.uminho.pt/pt/Estudar/Licenciaturas/Historia/Paginas/Plano-de-Estudos.aspx'),
('9181', 1107, '162,4', '163,8', 'https://sigarra.up.pt/flup/pt/cur_geral.cur_planos_estudos_view?pv_ano_lectivo=2021&pv_origem=CUR&pv_plano_id=4621&pv_tipo_cur_sigla='),
('9181', 1506, '158,5', '161,5', 'https://www.letras.ulisboa.pt/pt/ensino/licenciaturas/unidades-curriculares'),
('9181', 2100, 'Informação não disponível', 'Informação não disponível', 'https://autonoma.pt/cursos/historia/'),
('9182', 505, '137,0', '156,5', 'https://apps.uc.pt/courses/pt/course/5441'),
('9182', 902, '138,0', '148,0', 'https://www.fcsh.unl.pt/cursos/licenciatura_em_historia_da_arte/'),
('9182', 1107, '156,2', '149,2', 'https://sigarra.up.pt/flup/pt/cur_geral.cur_planos_estudos_view?pv_ano_lectivo=2019&pv_plano_id=22441'),
('9182', 1506, '138,0', '149,5', 'https://www.ulisboa.pt/curso/licenciatura/artes-e-humanidades'),
('9183', 7110, '129,2', '127,6', 'https://www.eshte.pt/pt/artigos/licenciaturas/informacao-turistica'),
('9185', 160, '128,5', '109,3', 'https://uac.pt/ensino/curso.php?id=4462&l=PT&a=2021/2022&f=FCT'),
('9185', 2500, 'Informação não disponível', 'Informação não disponível', 'https://www.upt.pt/curso.php?e=1019'),
('9185', 3143, '113,8', '119,5', 'https://siesgt.ipsantarem.pt/esgt/web_base.gera_pagina?P_pagina=1344762'),
('9185', 4500, 'Informação não disponível', 'Informação não disponível', 'https://ismt.pt/'),
('9185', 4530, 'Informação não disponível', 'Informação não disponível', 'https://www.istec.pt/'),
('9185', 4630, 'Informação não disponível', 'Informação não disponível', 'https://www.ismai.pt/pt/ensino/oferta-formativa/licenciaturas/informatica'),
('9186', 2100, 'Informação não disponível', 'Informação não disponível', 'https://autonoma.pt/cursos/informatica-de-gestao/'),
('9186', 2800, 'Informação não disponível', 'Informação não disponível', 'https://www.ulusofona.pt/licenciatura/informatica-de-gestao'),
('9186', 3043, '115,2', '111,0', 'http://portal3.ipb.pt/index.php/pt/guiaects/cursos/licenciaturas/curso?cod_escola=3043&cod_curso=9186'),
('9186', 3063, '127,1', '136,4', 'http://www.iscac.pt/index.php?m=4_318&lang=PT'),
('9186', 4350, 'Informação não disponível', 'Informação não disponível', 'https://www.iade.europeia.pt/cursos/licenciaturas/licenciaturas/informatica-de-gestao'),
('9186', 4352, 'Informação não disponível', 'Informação não disponível', 'https://www.islasantarem.pt/pt/ensino/cursos/licenciaturas/229-informatica-de-gestao'),
('9188', 3045, ' ', ' ', 'http://portal3.ipb.pt/index.php/pt/guiaects/escolas/escola-superior-de-comunicacao-administracao-e-turismo-de-mirandela'),
('9189', 6800, '162,0', '174,0', 'https://www.iscte-iul.pt/curso/6/licenciatura-informatica-gestao-de-empresas'),
('9191', 3113, '158,5', '156,5', 'https://www.escs.ipl.pt/cursos/licenciaturas/jornalismo'),
('9191', 4500, 'Informação não disponível', 'Informação não disponível', 'https://ismt.pt/pt/jornalismo-6505'),
('9192', 1000, '163,6', '165,0', 'https://www.ilch.uminho.pt/pt/Ensino/Paginas/Licenciatura-em-Linguas-Aplicadas.aspx'),
('9192', 1107, '175,6', '182,0', 'https://sigarra.up.pt/flup/pt/cur_geral.cur_planos_estudos_view?pv_ano_lectivo=2019&pv_origem=CUR&pv_plano_id=4641&pv_tipo_cur_sigla=L'),
('9194', 300, '150,8', '164,6', 'https://www.ua.pt/pt/curso/35'),
('9195', 1000, '151,0', '157,0', 'https://www.ilch.uminho.pt/pt/Ensino/Paginas/Licenciatura-em-Linguas-e-Literaturas-Europeias.aspx'),
('9196', 300, '155,8', '158,0', 'https://www.ua.pt/pt/curso/36'),
('9196', 1202, '142,6', '160,1', 'https://www.utad.pt/estudar/cursos/linguas-e-relacoes-empresariais/'),
('9196', 1306, '148,4', '147,3', 'https://www.uma.pt/ensino/1o-ciclo/licenciatura-em-linguas-e-relacoes-empresariais/'),
('9197', 1107, '183,8', '183,2', 'https://sigarra.up.pt/flup/en/cur_geral.cur_view?pv_curso_id=458'),
('9204', 201, '105,0', '124,9', 'https://www.ualg.pt/en/curso/1539'),
('9204', 300, '142,6', '148,6', 'https://www.ua.pt/pt/curso/37'),
('9204', 902, '158,5', '169,0', 'https://www.fcsh.unl.pt/cursos/licenciatura_em_linguas_literaturas_e_culturas/'),
('9204', 1107, '168,6', '172,4', 'https://sigarra.up.pt/flup/pt/cur_geral.cur_planos_estudos_view?pv_ano_lectivo=2017&pv_plano_id=19181&pv_tipo_cur_sigla=L'),
('9204', 1202, '129,8', '145,1', 'https://www.utad.pt/estudar/en/cursos/languages-literatures-and-cultures/'),
('9204', 1506, '150,0', '157,0', 'https://www.letras.ulisboa.pt/pt/ensino/licenciaturas/cursos'),
('9205', 400, '128,8', '130,8', 'https://www.ubi.pt/PlanoDeEstudos/54/1639/2021'),
('9205', 1000, '159,6', '166,4', 'https://www.eeg.uminho.pt/pt/estudar/Licenciaturas/Paginas/marketing.aspx'),
('9205', 2400, 'Informação não disponível', 'Informação não disponível', 'https://www.por.ulusiada.pt/cursos/1ciclo/1ciclo.php?cp=L20'),
('9205', 2403, 'Informação não disponível', 'Informação não disponível', 'https://www.por.ulusiada.pt/cursos/1ciclo/1ciclo.php?cp=L20'),
('9205', 2500, 'Informação não disponível', 'Informação não disponível', 'https://www.upt.pt/curso.php?e=1020'),
('9205', 3011, '155,1', '156,2', 'https://www.ua.pt/pt/curso/51'),
('9205', 3045, '111,3', '115,8', 'http://portal3.ipb.pt/index.php/pt/guiaects/cursos/licenciaturas/curso?cod_escola=3045&cod_curso=9205'),
('9205', 3065, '130,7', '128,2', 'https://www.ipc.pt/pt/estudar/cursos/24624'),
('9205', 3082, '139,6', '138,6', 'https://www.ualg.pt/curso/1516'),
('9205', 3092, '118,2', '103,2', 'http://www.ipg.pt/website/ensino_licenciatura.aspx?id=8&curso=Marketing'),
('9205', 3102, '130,0', '135,2', 'https://www.ipleiria.pt/curso/licenciatura-em-marketing/'),
('9205', 3134, '156,2', '153,0', 'https://www.iscap.ipp.pt/cursos/licenciatura/568'),
('9205', 3153, '140,8', '144,6', 'https://www.esce.ips.pt/cursos/licenciaturas/mkt'),
('9205', 3182, '129,2', '128,2', 'https://www.estgv.ipv.pt/estgv/?v=198'),
('9205', 4155, 'Informação não disponível', 'Informação não disponível', 'https://www.ipam.pt/porto'),
('9205', 4156, 'Informação não disponível', 'Informação não disponível', 'https://www.ipam.pt/lisboa/cursos/licenciaturas/licenciaturas/gestao-de-marketing'),
('9206', 4280, 'Informação não disponível', 'Informação não disponível', 'https://inspiring.future.pt/courses/marketing-e-publicidade-instituto-superior-de-ciencias-empresariais-e-do-turismo'),
('9206', 4350, 'Informação não disponível', 'Informação não disponível', 'https://www.iade.europeia.pt/cursos/licenciaturas/licenciaturas/marketing-e-publicidade'),
('9207', 3105, '125,7', '108,4', 'https://www.ipleiria.pt/curso/licenciatura-em-marketing-turistico/'),
('9208', 4283, 'Informação não disponível', 'Informação não disponível', 'https://isvouga.pt/pt/cursos/lic/marketing-publicidade-e-relacoes-publicas/'),
('9209', 300, '145,2', '138,8', 'https://www.ua.pt/pt/c/38/p'),
('9209', 501, '146,5', '129,0', 'https://apps.uc.pt/courses/pt/course/351'),
('9209', 903, '169,4', '131,2', 'https://www.fct.unl.pt/ensino/curso/licenciatura-em-matematica'),
('9209', 1000, '152,2', '151,2', 'https://www.uminho.pt/pt/ensino/oferta-educativa/_layouts/15/uminho.portalum.ui/pages/catalogocursodetail.aspx?itemid=1883&catid=7'),
('9209', 1103, '165,0', '176,0', 'https://sigarra.up.pt/fcup/pt/cur_geral.cur_planos_estudos_view?pv_ano_lectivo=2014&pv_plano_id=3293'),
('9209', 1307, '148,3', '114,3', 'https://www.uma.pt/ensino/1o-ciclo/licenciatura-em-matematica/'),
('9209', 1503, '158,5', '162,5', 'https://fenix.ciencias.ulisboa.pt/degrees/matematica-564500436615373/curriculo'),
('9210', 203, '114,5', '112,6', 'https://www.ualg.pt/curso/1839'),
('9210', 602, '113,9', '126,0', 'https://www.uevora.pt/estudar/cursos/licenciaturas?curso=2011'),
('9210', 1517, '187,5', '187,0', 'https://www.iseg.ulisboa.pt/study/undergraduate/'),
('9212', 300, '110,0', '118,5', 'https://www.ua.pt/pt/curso/39'),
('9212', 1503, '138,0', '146,5', 'https://fenix.ciencias.ulisboa.pt/degrees/meteorologia-oceanografia-e-geofisica-564500436615386/curriculo'),
('9213', 3045, '95,0', '95,0', 'http://portal3.ipb.pt/index.php/pt/guiaects/cursos/licenciaturas/curso?cod_escola=3045&cod_curso=9213'),
('9213', 3331, '172,3', '168,1', 'https://www.esmad.ipp.pt/cursos/licenciatura/486'),
('9213', 4500, 'Informação não disponível', 'Informação não disponível', 'https://ismt.pt/pt/multimedia-3618'),
('9214', 300, 'Informação não disponível', 'Informação não disponível', 'https://www.ua.pt/pt/curso/40'),
('9214', 603, 'Informação não disponível', 'Informação não disponível', 'https://www.eartes.uevora.pt/ensino/licenciaturas'),
('9214', 1000, 'Informação não disponível', 'Informação não disponível', 'https://www.ilch.uminho.pt/pt/Ensino/Paginas/Licenciatura-em-Musica-Pos-Laboral.aspx'),
('9214', 4002, 'Informação não disponível', 'Informação não disponível', 'https://www.metropolitana.pt/tres-escolas/academia/documentacao-academia/'),
('9215', 300, '146,4', '149,0', 'https://www.ua.pt/pt/curso/41'),
('9217', 7110, '127,2', '129,6', 'https://www.eshte.pt/pt/artigos/licenciaturas/producao-alimentar-em-restauracao'),
('9218', 4277, 'Informação não disponível', 'Informação não disponível', 'https://www.ics.uminho.pt/pt/Estudar/Licenciaturas/PCGT/Paginas/Plano-de-Estudos.aspx'),
('9219', 150, '137,9', '141,0', 'https://uac.pt/ensino/curso.php?id=4322&l=PT&a=2020/2021&f=FCSH'),
('9219', 201, '150,6', '151,9', 'https://www.ualg.pt/en/curso/1452'),
('9219', 300, '158,0', '168,0', 'https://www.ua.pt/pt/curso/42'),
('9219', 400, '153,2', '155,0', 'https://www.ubi.pt/curso/45'),
('9219', 507, '164,4', '163,2', 'https://www.uc.pt/fpce'),
('9219', 604, '153,7', '153,8', 'https://www.uevora.pt/estudar/cursos/licenciaturas?curso=2397'),
('9219', 1000, '164,4', '164,4', 'https://www.psi.uminho.pt/pt/ensino/1-ciclo/mestrado.integrado/Paginas/Plano-de-Estudos.aspx'),
('9219', 1109, '175,0', '176,0', 'https://sigarra.up.pt/fpceup/pt/cur_geral.cur_view?pv_curso_id=807'),
('9219', 1202, '153,9', '153,4', 'https://www.utad.pt/echs/'),
('9219', 1306, '147,8', '148,2', 'https://www.uma.pt/ensino/1o-ciclo/licenciatura-em-psicologia/'),
('9219', 1511, '160,5', '164,3', 'https://www.psicologia.ulisboa.pt/ensino/cursos/mestrado-integrado/plano-de-estudos-2019-2020/'),
('9219', 2100, 'Informação não disponível', 'Informação não disponível', 'https://autonoma.pt/cursos/psicologia-2/'),
('9219', 2220, 'Informação não disponível', 'Informação não disponível', 'https://fch.lisboa.ucp.pt/pt-pt/licenciaturas/programas/licenciatura-em-psicologia'),
('9219', 2223, 'Informação não disponível', 'Informação não disponível', 'https://www2.braga.ucp.pt/index.php/licenciaturas'),
('9219', 2289, 'Informação não disponível', 'Informação não disponível', 'https://www.fep.porto.ucp.pt/pt/central-oferta-formativa/licenciatura-psicologia'),
('9219', 2400, 'Informação não disponível', 'Informação não disponível', 'https://www.por.ulusiada.pt/cursos/1ciclo/1ciclo.php?cp=202'),
('9219', 2403, 'Informação não disponível', 'Informação não disponível', 'https://www.por.ulusiada.pt/cursos/1ciclo/1ciclo.php?cp=202'),
('9219', 2500, 'Informação não disponível', 'Informação não disponível', 'https://www.upt.pt/curso.php?e=1023'),
('9219', 2750, 'Informação não disponível', 'Informação não disponível', 'https://www.ufp.pt/inicio/estudar-e-investigar/licenciaturas/psicologia/'),
('9219', 2800, 'Informação não disponível', 'Informação não disponível', 'https://www.ulusofona.pt/licenciatura/psicologia'),
('9219', 4032, 'Informação não disponível', 'Informação não disponível', 'https://www.ulp.pt/undergraduate/psicologia'),
('9219', 4260, 'Informação não disponível', 'Informação não disponível', 'https://www.egasmoniz.com.pt/pt-pt/ensino/iuem/cursos/licenciaturas-e-mestrados-integrados/licenciatura-em-psicologia.aspx'),
('9219', 4261, 'Informação não disponível', 'Informação não disponível', 'https://www.cespu.pt/ensino/ensino-universitario/cursos-iucs/detalhes-do-programa-de-estudos/?course=IUCSP'),
('9219', 4306, 'Informação não disponível', 'Informação não disponível', 'https://ipiaget.org/iseitalmada/'),
('9219', 4308, 'Informação não disponível', 'Informação não disponível', 'https://ipiaget.org/iseit-ensino-universitario-viseu/'),
('9219', 4350, 'Informação não disponível', 'Informação não disponível', 'https://www.europeia.pt/oferta-formativa/licenciaturas/licenciaturas/psicologia'),
('9219', 4375, 'Informação não disponível', 'Informação não disponível', 'https://www.ismat.pt/ensino/licenciaturas/licenciatura-em-psicologia.html'),
('9219', 4450, 'Informação não disponível', 'Informação não disponível', 'https://www.ispa.pt/oferta-formativa/licenciatura-psicologia/'),
('9219', 4500, 'Informação não disponível', 'Informação não disponível', 'https://ismt.pt/pt/psicologia'),
('9219', 4630, 'Informação não disponível', 'Informação não disponível', 'https://www.ismai.pt/pt/ensino/oferta-formativa/licenciaturas/psicologia'),
('9219', 6800, '168,5', '165,5', 'https://www.iscte-iul.pt/curso/7/licenciatura-psicologia'),
('9221', 4277, 'Informação não disponível', 'Informação não disponível', 'https://inspiring.future.pt/courses/1554'),
('9222', 3113, '166,0', '174,0', 'https://www.escs.ipl.pt/cursos/licenciaturas/publicidade-e-marketing'),
('9223', 300, '139,6', '125,2', 'https://www.ua.pt/pt/curso/43'),
('9223', 501, '115,3', '106,0', 'https://www.uc.pt/fctuc'),
('9223', 1000, '132,0', '123,2', 'https://www.uminho.pt/pt/ensino/oferta-educativa/_layouts/15/uminho.portalum.ui/pages/catalogocursodetail.aspx?itemid=2743&catid=8'),
('9223', 1103, '113,3', '120,5', 'https://sigarra.up.pt/fcup/pt/cur_geral.cur_view?pv_ano_lectivo=2021&pv_curso_id=865'),
('9223', 1503, '145,0', ' ', 'https://fenix.ciencias.ulisboa.pt/degrees/quimica-tecnologica-564500436615437'),
('9224', 903, '147,2', '148,8', 'https://www.fct.unl.pt/ensino/curso/licenciatura-em-quimica-aplicada'),
('9225', 400, '110,3', '106,0', 'https://www.ubi.pt/PlanoDeEstudos/71/1248/2020'),
('9226', 1503, '126,8', '143,0', 'https://fenix.ciencias.ulisboa.pt/degrees/quimica-tecnologica-564500436615437'),
('9227', 3134, '159,5', '164,0', 'https://www.iscap.ipp.pt/cursos/licenciatura/574'),
('9229', 503, '177,0', '175,5', 'https://www.uc.pt/feuc/licenciaturas/ri'),
('9229', 604, '148,8', '148,1', 'https://www.uevora.pt/estudar/cursos/licenciaturas?curso=2397'),
('9229', 1000, '168,4', '167,4', 'https://www.eeg.uminho.pt/pt/estudar/Licenciaturas/Paginas/relacoes-internacionais.aspx'),
('9229', 1516, '170,5', '169,0', 'https://www.iscsp.ulisboa.pt/pt/cursos/oferta-graduada/licenciaturas/relacoes-internacionais/plano-de-estudos'),
('9229', 2100, 'Informação não disponível', 'Informação não disponível', 'https://autonoma.pt/cursos/relacoes-internacionais/'),
('9229', 2400, 'Informação não disponível', 'Informação não disponível', 'https://www.por.ulusiada.pt/cursos/1ciclo/1ciclo.php?cp=074'),
('9229', 2403, 'Informação não disponível', 'Informação não disponível', 'https://www.por.ulusiada.pt/cursos/1ciclo/1ciclo.php?cp=074'),
('9229', 2500, 'Informação não disponível', 'Informação não disponível', 'https://www.upt.pt/curso.php?e=1024'),
('9231', 3113, '157,5', '162,0', 'https://www.escs.ipl.pt/cursos/licenciaturas/relacoes-publicas-e-comunicacao-empresarial/plano-de-estudos-novo'),
('9235', 3012, '138,0', '140,8', 'https://www.ua.pt/pt/curso/66'),
('9238', 150, '125,3', '132,2', 'https://uac.pt/ensino/curso.php?id=4332&l=PT&a=2020/2021&f=FCSH'),
('9238', 507, '150,0', '156,0', 'https://www.uc.pt/fpce'),
('9238', 1202, '138,9', '138,6', 'https://www.utad.pt/estudar/cursos/servico-social/'),
('9238', 1516, '153,5', '155,5', 'https://www.iscsp.ulisboa.pt/pt/cursos/oferta-graduada/licenciaturas/servico-social'),
('9238', 2220, 'Informação não disponível', 'Informação não disponível', 'https://www.ucp.pt/pt-pt/ensino/cursos/licenciaturas'),
('9238', 2223, 'Informação não disponível', 'Informação não disponível', 'https://ffcs.braga.ucp.pt/'),
('9238', 2400, 'Informação não disponível', 'Informação não disponível', 'https://www.lis.ulusiada.pt/pt-pt/cursos/1314/1%C2%BAciclo%E2%80%93licenciaturasemestradosintegrados/servi%C3%A7osocial.aspx'),
('9238', 2800, 'Informação não disponível', 'Informação não disponível', 'https://www.ulusofona.pt/licenciatura/servico-social'),
('9238', 3022, '95,0', '127,4', 'https://www.ipbeja.pt/cursos/ese-srs/Paginas/default.aspx'),
('9238', 3052, '127,1', '130,6', 'https://www.ipcb.pt/esecb/ensino/licenciatura-em-servico-social'),
('9238', 3101, '134,0', '140,4', 'https://www.ipleiria.pt/curso/licenciatura-em-servico-social/'),
('9238', 3121, '109,3', '126,3', 'https://www.ipportalegre.pt/oferta-formativa/servico-social'),
('9238', 3186, '130,3', '124,8', 'http://www1.estgl.ipv.pt/arquivo/avada_portfolio/servico-social'),
('9238', 4032, 'Informação não disponível', 'Informação não disponível', 'https://www.ulp.pt/licenciaturas/servico-social'),
('9238', 4500, 'Informação não disponível', 'Informação não disponível', 'https://ismt.pt/en/servico-social'),
('9238', 4520, 'Informação não disponível', 'Informação não disponível', 'https://isssp.pt/'),
('9240', 150, '114,5', '119,1', 'https://uac.pt/ensino/curso.php?id=4333&l=PT&a=2020/2021&f=FCSH'),
('9240', 204, '131,7', '142,4', 'https://www.ualg.pt/curso/1442/plano'),
('9240', 400, '135,3', '142,2', 'http://www.ubi.pt/PlanoDeEstudos/74/1569/2020'),
('9240', 503, '143,0', '148,0', 'https://www.uc.pt/feuc/licenciaturas/sociologia'),
('9240', 604, '128,8', '140,5', 'https://www.uevora.pt/estudar/cursos/licenciaturas?curso=2553'),
('9240', 902, '152,0', '153,5', 'https://www.unl.pt/nova/faculdade-de-ciencias-sociais-e-humanas'),
('9240', 1000, '145,0', '150,0', 'https://www.ics.uminho.pt/pt/Estudar/Licenciaturas/Sociologia/Paginas/Plano-de-Estudos.aspx'),
('9240', 1107, '158,0', '159,8', 'https://sigarra.up.pt/flup/pt/cur_geral.cur_view?pv_curso_id=452'),
('9240', 1516, '146,0', '151,5', 'https://www.iscsp.ulisboa.pt/pt/cursos/oferta-graduada/licenciaturas/sociologia/plano-de-estudos'),
('9240', 2800, 'Informação não disponível', 'Informação não disponível', 'https://www.ulusofona.pt/licenciatura/sociologia'),
('9240', 6800, '149,0', '151,5', 'https://www.iscte-iul.pt/curso/8/licenciatura-sociologia'),
('9242', 2500, 'Informação não disponível', 'Informação não disponível', 'https://www.upt.pt/curso.php?e=1032'),
('9242', 3023, '125,8', '136,1', 'https://www.ipbeja.pt/cursos/estig-sol/Paginas/default.aspx'),
('9242', 3031, '149,7', '152,3', 'https://esg.ipca.pt/curso/solicitadoria-lic/'),
('9242', 3045, '118,6', '126,2', 'http://portal3.ipb.pt/index.php/pt/guiaects/cursos/licenciaturas/curso?cod_escola=3045&cod_curso=9242'),
('9242', 3054, '119,7', '130,0', 'https://www.ipcb.pt/esgin/ensino/licenciatura-em-solicitadoria'),
('9242', 3102, '133,7', '149,4', 'https://www.ipleiria.pt/curso/licenciatura-em-solicitadoria/'),
('9242', 3117, '148,7', '149,3', 'https://www.iscal.ipl.pt/cursos/1782/plano-de-estudos'),
('9242', 3138, '163,5', '156,1', 'https://www.estg.ipp.pt/cursos/licenciatura/621'),
('9242', 4280, 'Informação não disponível', 'Informação não disponível', 'https://www.iscet.pt/'),
('9242', 4283, 'Informação não disponível', 'Informação não disponível', 'https://isvouga.pt/pt/cursos/lic/solicitadoria/'),
('9242', 4581, 'Informação não disponível', 'Informação não disponível', 'https://www.ipmaia.pt/pt/ensino/oferta-formativa/licenciaturas/educacao-social'),
('9243', 603, '125,3', '135,8', 'https://www.uevora.pt/estudar/cursos/licenciaturas?curso=2544'),
('9243', 1000, '139,0', '135,0', 'https://www.ilch.uminho.pt/pt/Ensino/Paginas/Licenciatura-em-Teatro.aspx'),
('9243', 3103, '132,7', '128,1', 'https://www.ipleiria.pt/curso/licenciatura-em-teatro/'),
('9243', 3116, 'Informação não disponível', 'Informação não disponível', 'https://www.estc.ipl.pt/'),
('9243', 4010, 'Informação não disponível', 'Informação não disponível', 'http://www.esap.pt/ensino/curso/teatro'),
('9244', 3331, '152,0', '149,4', 'https://www.esmad.ipp.pt/cursos/licenciatura/493'),
('9248', 3053, ' ', '127,3', 'https://www.ipcb.pt/estcb/ensino/licenciatura-em-tecnologias-da-informacao-e-multimedia'),
('9249', 4630, 'Informação não disponível', 'Informação não disponível', 'https://www.ismai.pt/pt/ensino/oferta-formativa/licenciaturas/tecnologias-de-comunicacao-multimedia'),
('9252', 300, '142,6', '150,8', 'https://www.ua.pt/pt/curso/44'),
('9252', 902, '162,5', '167,5', 'https://www.fcsh.unl.pt/cursos/licenciatura_em_traducao/'),
('9252', 1506, '145,3', '152,3', 'https://www.ulisboa.pt/curso/licenciatura/traducao'),
('9254', 170, '131,7', '142,6', 'https://uac.pt/ensino/curso.php?id=4328&l=PT&a=2020/2021&f=FEG'),
('9254', 604, '129,5', '134,4', 'https://www.uevora.pt/estudar/cursos/licenciaturas?curso=2604'),
('9254', 1202, '130,6', '134,0', 'https://www.utad.pt/estudar/cursos/turismo/'),
('9254', 2223, 'Informação não disponível', 'Informação não disponível', 'https://www.ucp.pt/pt-pt/ensino/cursos/licenciaturas'),
('9254', 2500, 'Informação não disponível', 'Informação não disponível', 'https://www.upt.pt/'),
('9254', 2800, 'Informação não disponível', 'Informação não disponível', 'https://www.ulusofona.pt/licenciatura/turismo'),
('9254', 3023, '109,7', '97,0', 'https://www.ipbeja.pt/cursos/estig-tur/Paginas/default.aspx');
INSERT INTO `instituicoes_has_curso` (`cursos_ID`, `instituicoes_ID`, `nota_ult_1fase`, `nota_ult_2fase`, `plano_curso`) VALUES
('9254', 3045, '103,8', '106,4', 'http://www.esact.ipb.pt/index.php/esact/alunos/cursos/licenciaturas/turismo'),
('9254', 3054, '117,8', '115,4', 'https://www.ipcb.pt/esgin/ensino/licenciatura-em-turismo'),
('9254', 3062, '148,7', '143,2', 'https://www.ipc.pt/pt/estudar/cursos/20295'),
('9254', 3082, '127,5', '131,2', 'https://esght.ualg.pt/curso/1417/plano'),
('9254', 3087, '114,3', '123,7', 'https://esght.ualg.pt/en/curso/1423'),
('9254', 3105, '125,8', '126,9', 'https://www.ipleiria.pt/estm/home/'),
('9254', 3121, '111,3', '115,9', 'https://www.ipportalegre.pt/oferta-formativa/turismo'),
('9254', 3163, '134,3', '137,3', 'https://www.ipvc.pt/cursos/turismo/'),
('9254', 3182, '122,3', '130,8', 'https://www.estgv.ipv.pt/estgv/?v=200'),
('9254', 4115, 'Informação não disponível', 'Informação não disponível', 'https://www.iesfafe.pt/index.php?option=com_content&view=section&id=3&layout=blog&Itemid=6&lang=pt'),
('9254', 4200, 'Informação não disponível', 'Informação não disponível', 'https://www.isag.pt/'),
('9254', 4220, 'Informação não disponível', 'Informação não disponível', 'https://isal.pt/ensino/licenciaturas/turismo/'),
('9254', 4280, 'Informação não disponível', 'Informação não disponível', 'https://www.iscet.pt/'),
('9254', 4350, 'Informação não disponível', 'Informação não disponível', 'https://www.europeia.pt/oferta-formativa/licenciaturas/licenciaturas/turismo'),
('9254', 4630, 'Informação não disponível', 'Informação não disponível', 'https://www.ismai.pt/pt/ensino/oferta-formativa/licenciaturas/turismo'),
('9255', 3095, '102,0', '117,1', 'http://www.ipg.pt/website/ensino_licenciatura.aspx?id=16&curso=Turismo%20e%20Lazer'),
('9257', 400, '143,8', '144,2', 'https://www.ubi.pt/PlanoDeEstudos/72/1621/2020'),
('9257', 501, '153,5', '152,3', 'https://www.uc.pt/fctuc/darq/ensino/mestrado_integrado_arquitectura'),
('9257', 603, '135,7', '141,6', 'https://www.uevora.pt/estudar/cursos/licenciaturas?curso=219'),
('9257', 1000, '167,8', '177,0', 'https://www.arquitetura.uminho.pt/pt/Ensino/Licenciaturas_e_Mestrados_Integrados/Mestrado-Integrado-em-Arquitetura/Paginas/Plano-de-Estudos.aspx'),
('9257', 1102, '180,5', '181,0', 'https://sigarra.up.pt/faup/pt/p/*portal_academico_plano_estudos'),
('9257', 1501, '153,5', '165,5', 'https://www.fa.ulisboa.pt/index.php/pt/cursos/mestradointegrado/arquitetura'),
('9257', 1518, '170,5', '182,0', 'https://fenix.tecnico.ulisboa.pt/cursos/ma/plano-curricular'),
('9257', 2100, 'Informação não disponível', 'Informação não disponível', 'https://autonoma.pt/cursos/arquitectura/'),
('9257', 2400, 'Informação não disponível', 'Informação não disponível', 'http://www.por.ulusiada.pt/downloads/geral/plano_estudos_arq.pdf'),
('9257', 2403, 'Informação não disponível', 'Informação não disponível', 'http://www.por.ulusiada.pt/downloads/geral/plano_estudos_arq.pdf'),
('9257', 2404, 'Informação não disponível', 'Informação não disponível', 'http://www.fam.ulusiada.pt/faculdades/curso.php?codplano=013'),
('9257', 2800, 'Informação não disponível', 'Informação não disponível', 'https://www.ulusofona.pt/mestrados-integrados/arquitetura'),
('9257', 4010, 'Informação não disponível', 'Informação não disponível', 'http://www.esap.pt/ensino/curso/arquitectura-mestrado-integrado'),
('9257', 4032, 'Informação não disponível', 'Informação não disponível', 'https://www.ulp.pt/mestrados-integrados/arquitetura'),
('9257', 4375, 'Informação não disponível', 'Informação não disponível', 'https://www.ismat.pt/'),
('9257', 6800, '156,5', '163,0', 'https://www.iscte-iul.pt/curso/27/mestrado-integrado-arquitetura'),
('9345', 1518, '188,3', '187,8', 'https://tecnico.ulisboa.pt/pt/ensino/cursos/licenciaturas/matematica-aplicada-e-computacao/'),
('9347', 603, '122,7', '117,6', 'https://www.uevora.pt/estudar/cursos/licenciaturas?curso=2529'),
('9347', 3181, '114,1', '117,0', 'https://www.esev.ipv.pt/Cursos/apresentacao.aspx?value=2'),
('9348', 903, '169,4', '169,2', 'https://www.fct.unl.pt/ensino/curso/licenciatura-em-biologia-celular-e-molecular'),
('9350', 3021, '127,1', '110,0', 'https://www.ipbeja.pt/cursos/esa-ctali/Paginas/default.aspx'),
('9351', 206, '121,4', '120,2', 'https://www.ualg.pt/curso/1915/plano'),
('9351', 300, '166,0', '175,0', 'https://www.ua.pt/pt/curso/18'),
('9351', 400, '145,9', '144,5', 'https://www.ubi.pt/curso/816'),
('9351', 2227, 'Informação não disponível', 'Informação não disponível', 'http://www.crb.ucp.pt/site/custom/template/ucptplfac.asp?SSPAGEID=2080&lang=1&artigoID=1496'),
('9351', 4261, 'Informação não disponível', 'Informação não disponível', 'https://www.cespu.pt/ensino/ensino-universitario/cursos-iucs/detalhes-do-programa-de-estudos/?course=BO%5CCB'),
('9353', 1000, '141,2', '141,6', 'https://www.ie.uminho.pt/pt/Ensino/licenciaturas/Paginas/LicenciaturaemEducacao.aspx'),
('9378', 2220, 'Informação não disponível', 'Informação não disponível', 'https://www.ucp.pt/pt-pt/linguas-estrangeiras-aplicadas'),
('9379', 1000, '130,2', '126,0', 'https://www.uminho.pt/pt/_layouts/15/uminho.portalum.ui/pages/catalogocursodetail.aspx?cid=1302006&catid=5'),
('9379', 1204, '121,4', '113,0', 'https://www.utad.pt/estudar/cursos/cie%CC%82ncias-do-ambiente/'),
('9380', 3242, '121,2', '120,7', 'http://portal2.ipt.pt/pt/cursos/licenciaturas/l_-_cr/Plano_curricular/'),
('9381', 1000, '134,0', '146,8', 'https://www.uminho.pt/pt/ensino/oferta-educativa/_layouts/15/uminho.portalum.ui/pages/catalogocursodetail.aspx?itemid=2737&catid=8'),
('9381', 1503, '144,3', '152,0', 'https://fenix.ciencias.ulisboa.pt/degrees/estatistica-aplicada-564500436615302/curriculo'),
('9385', 1503, '160,5', '164,5', 'https://fenix.ciencias.ulisboa.pt/degrees/matematica-aplicada-564500436615376/curriculo'),
('9397', 1000, '144,8', '156,0', 'https://www.uminho.pt/pt/ensino/oferta-educativa/_layouts/15/uminho.portalum.ui/pages/catalogocursodetail.aspx?itemid=3033&catid=9'),
('9448', 501, '122,0', '130,0', 'https://apps.uc.pt/courses/en/course/345'),
('9448', 902, '132,0', '151,5', 'https://www.fcsh.unl.pt/cursos/licenciatura_em_antropologia/'),
('9448', 1516, '131,5', '147,5', 'https://www.iscsp.ulisboa.pt/pt/cursos/oferta-graduada/licenciaturas/antropologia'),
('9448', 6800, '134,5', '145,5', 'https://www.iscte-iul.pt/curso/9/licenciatura-antropologia'),
('9453', 2220, 'Informação não disponível', 'Informação não disponível', 'https://fch.lisboa.ucp.pt/pt-pt/undergraduate/programs/licenciatura-em-comunicacao-social-e-cultural'),
('9455', 300, '177,3', '185,3', 'https://www.ua.pt/pt/curso/478'),
('9455', 501, '175,3', '177,0', 'https://apps.uc.pt/courses/PT/course/8921'),
('9455', 903, '178,6', '181,0', 'https://www.fct.unl.pt/ensino/curso/licenciatura-em-engenharia-biomedica'),
('9455', 1000, '180,0', '188,2', 'https://www.uminho.pt/pt/ensino/oferta-educativa/_layouts/15/uminho.portalum.ui/pages/catalogocursodetail.aspx?itemid=2811&catid=8'),
('9455', 1203, '135,3', '146,4', 'https://www.utad.pt/estudar/en/cursos/biomedical-engineering/'),
('9455', 1518, '185,8', '187,8', 'https://tecnico.ulisboa.pt/pt/ensino/cursos/licenciaturas/engenharia-biomedica/'),
('9455', 2800, 'Informação não disponível', 'Informação não disponível', 'https://www.ulusofona.pt/licenciatura/engenharia-biomedica'),
('9455', 3118, '146,7', '144,4', 'https://tecnico.ulisboa.pt/pt/ensino/cursos/licenciaturas/engenharia-biomedica/'),
('9455', 3135, '177,4', '181,6', 'https://www.ipp.pt/ensino/cursos/licenciatura/isep/220'),
('9457', 2265, 'Informação não disponível', 'Informação não disponível', 'https://artes.porto.ucp.pt/pt/central-oferta-formativa/licenciatura-em-som-e-imagem'),
('9457', 3103, '139,6', '141,5', 'https://www.ipleiria.pt/curso/licenciatura-em-som-e-imagem/'),
('9470', 3033, '164,4', '164,2', 'https://esd.ipca.pt/curso/design-grafico/'),
('9473', 3162, '118,7', '114,6', 'https://www.ipvc.pt/cursos/educacao-social-gerontologica/'),
('9474', 1518, '178,0', '182,5', 'https://tecnico.ulisboa.pt/pt/ensino/cursos/licenciaturas/engenharia-biologica/'),
('9476', 3117, '153,5', '153,5', 'https://www.iscal.ipl.pt/cursos/1780/plano-de-estudos'),
('9484', 3095, '95,0', '113,1', 'http://www.esth.ipg.pt/ensino_licenciatura.aspx?id=18&curso=Restaura%C3%A7%C3%A3o%20e%20Catering'),
('9485', 3052, '95,0', '100,0', 'https://www.ipcb.pt/esecb/ensino/licenciatura-em-secretariado'),
('9491', 3182, '95,0', '110,3', 'https://www.estgv.ipv.pt/estgv/?v=199'),
('9492', 3101, '138,0', '148,1', 'https://www.ipleiria.pt/curso/licenciatura-em-traducao-e-interpretacao-portugueschines-chinesportugues/'),
('9494', 203, '142,0', '146,1', 'https://www.ualg.pt/curso/1488/plano'),
('9494', 400, '153,5', '161,2', 'https://www.ubi.pt/PlanoDeEstudos/830/1596/2020'),
('9494', 504, '155,8', '175,0', 'https://apps.uc.pt/courses/PT/programme/1172/2021-2022?id_branch=20001'),
('9494', 1106, '161,0', '177,0', 'https://sigarra.up.pt/ffup/pt/cur_geral.cur_view?pv_curso_id=1103'),
('9494', 1505, '154,5', '174,0', 'https://www.ff.ulisboa.pt/mestrado-integrado-em-ciencias-farmaceuticas/'),
('9494', 2750, 'Informação não disponível', 'Informação não disponível', 'https://www.ufp.pt/inicio/estudar-e-investigar/licenciaturas/ciencias-farmaceuticas/'),
('9494', 2800, 'Informação não disponível', 'Informação não disponível', 'https://www.ulusofona.pt/mestrado-integrado/ciencias-farmaceuticas'),
('9494', 4260, 'Informação não disponível', 'Informação não disponível', 'https://www.egasmoniz.com.pt/pt-pt/ensino/iuem/cursos/licenciaturas-e-mestrados-integrados/mestrado-integrado-em-ci%C3%AAncias-farmac%C3%AAuticas.aspx'),
('9494', 4261, 'Informação não disponível', 'Informação não disponível', 'https://www.cespu.pt/ensino/ensino-universitario/cursos-iucs/detalhes-do-programa-de-estudos/?course=BO%5CCF'),
('9497', 4620, 'Informação não disponível', 'Informação não disponível', 'https://www.ufp.pt/inicio/estudar-e-investigar/licenciaturas/analises-clinicas-e-saude-publica/'),
('9498', 3143, '110,6', '118,2', 'https://www.ipsantarem.pt/pt/escolas/escola-superior-de-gestao-e-tecnologia/cursos/contabilidade-e-fiscalidade/'),
('9498', 3164, '124,7', '119,3', 'https://www.ipvc.pt/cursos/contabilidade-e-fiscalidade/'),
('9499', 1000, '161,2', '160,8', 'https://www.uminho.pt/pt/_layouts/15/uminho.portalum.ui/pages/catalogocursodetail.aspx?cid=1104001&catid=5'),
('9500', 1320, '152,0', '146,3', 'https://www.uma.pt/ensino/1o-ciclo/licenciatura-em-enfermagem/'),
('9500', 2218, 'Informação não disponível', 'Informação não disponível', 'https://www.porto.ucp.pt/pt/central-oferta-formativa/licenciatura-enfermagem'),
('9500', 2219, 'Informação não disponível', 'Informação não disponível', 'https://m.porto.ucp.pt/pt/central-oferta-formativa/licenciatura-enfermagem'),
('9500', 3013, '157,0', '157,8', 'https://www.ua.pt/pt/curso/168'),
('9500', 3155, '155,6', '158,0', 'https://www.ess.ips.pt/cursos/licenciaturas/le'),
('9500', 4089, 'Informação não disponível', 'Informação não disponível', 'https://www.essnortecvp.pt/'),
('9500', 4091, 'Informação não disponível', 'Informação não disponível', 'https://www.esscvp.eu/'),
('9500', 4096, 'Informação não disponível', 'Informação não disponível', 'https://esesfm.pt/'),
('9500', 4097, 'Informação não disponível', 'Informação não disponível', 'https://www.santamariasaude.pt/erasmus-2/plano-de-estudos/'),
('9500', 4098, 'Informação não disponível', 'Informação não disponível', 'https://www.esesjcluny.pt/'),
('9500', 4103, 'Informação não disponível', 'Informação não disponível', 'https://ipiaget.org/licenciaturas/enfermagem/'),
('9500', 4106, 'Informação não disponível', 'Informação não disponível', 'https://www.egasmoniz.com.pt/pt-pt/ensino/essem/cursos/licenciaturas/licenciatura-em-enfermagem/plano-de-estudos.aspx'),
('9500', 4108, 'Informação não disponível', 'Informação não disponível', 'https://www.cespu.pt/ensino/candidaturas/cursos/'),
('9500', 4109, 'Informação não disponível', 'Informação não disponível', 'https://www.cespu.pt/ensino/ensino-politecnico/detalhes-do-programa-de-estudos/?course=VAENF'),
('9500', 4110, 'Informação não disponível', 'Informação não disponível', 'https://esecvpaltotamega.pt/pt/geral/index.php'),
('9500', 4460, 'Informação não disponível', 'Informação não disponível', 'https://isave.pt/ensino/licenciaturas/enfermagem/'),
('9500', 4590, 'Informação não disponível', 'Informação não disponível', 'https://www.essatla.pt/course/curso-de-formacao-superior-licenciatura-em-enfermagem/'),
('9500', 4603, 'Informação não disponível', 'Informação não disponível', 'https://ipiaget.org/'),
('9500', 4614, 'Informação não disponível', 'Informação não disponível', 'https://www.ipluso.pt/erisa-escola-superior-de-saude-ribeiro-sanches'),
('9500', 4620, 'Informação não disponível', 'Informação não disponível', 'https://www.ufp.pt/inicio/estudar-e-investigar/licenciaturas/enfermagem-2/'),
('9500', 4626, 'Informação não disponível', 'Informação não disponível', 'https://ipiaget.org/escola-superior-de-saude-vila-nova-de-gaia/'),
('9500', 7001, '154,0', '152,0', 'https://www.esenfc.pt/pt/courses/100001'),
('9500', 7002, '156,0', '155,6', 'https://www.esel.pt/node/6930'),
('9500', 7003, '164,0', '176,5', 'https://estudar.esenf.pt/licenciatura-em-enfermagem/'),
('9500', 7005, '142,0', '146,4', 'https://www.ipbeja.pt/cursos/ess-enf/Paginas/default.aspx'),
('9500', 7010, '162,8', '183,8', 'https://www.ese.uminho.pt/pt/estudar/licenciatura/Paginas/plano.aspx'),
('9500', 7015, '145,6', '158,1', 'http://portal3.ipb.pt/index.php/pt/guiaects/cursos/licenciaturas/curso?cod_escola=7015&cod_curso=9500'),
('9500', 7020, '140,2', '150,4', 'https://www.ipcb.pt/esald/escola-superior-de-saude-dr-lopes-dias'),
('9500', 7030, '148,5', '150,1', 'https://www.esesjd.uevora.pt/'),
('9500', 7035, '147,8', '149,0', 'https://www.ualg.pt/curso/1517'),
('9500', 7040, '134,2', '146,4', 'http://www.ess.ipg.pt/ensino_licenciatura.aspx?id=19&curso=Enfermagem'),
('9500', 7045, '145,2', '148,4', 'https://www.ipleiria.pt/curso/licenciatura-em-enfermagem/'),
('9500', 7055, '133,4', '145,7', 'https://www.ipportalegre.pt/oferta-formativa/enfermagem'),
('9500', 7065, '146,0', '148,2', 'https://siessaude.ipsantarem.pt/essaude/cursos_geral.FormView?P_CUR_SIGLA=L3ENF1'),
('9500', 7075, '154,0', '159,5', 'https://www.ipvc.pt/en/cursos/enfermagem/'),
('9500', 7080, '152,4', '156,6', 'https://www.utad.pt/estudar/cursos/enfermagem/'),
('9500', 7085, '145,4', '151,2', 'http://www.essv.ipv.pt/cursos/cle/'),
('9500', 7092, '130,1', '137,8', 'https://uac.pt/ensino/curso.php?id=4190&l=PT&a=2021/2022&f=ESS'),
('9500', 7093, '139,4', '141,9', 'https://uac.pt/ensino/curso.php?id=4163&l=PT&a=2021/2022&f=ESS'),
('9501', 4091, 'Informação não disponível', 'Informação não disponível', 'https://www.esscvp.eu/'),
('9501', 4096, 'Informação não disponível', 'Informação não disponível', 'https://inspiring.future.pt/courses/enfermagem-entrada-no-2-semestre-escola-superior-de-enfermagem-s-francisco-das-misericordias'),
('9501', 7015, '120,1', '141,3', 'http://portal3.ipb.pt/index.php/pt/guiaects/cursos/licenciaturas/curso?cod_escola=7015&cod_curso=9500'),
('9504', 3013, '163,6', '165,6', 'https://www.ua.pt/pt/curso/170'),
('9504', 3155, '158,6', '155,4', 'https://www.ess.ips.pt/cursos/licenciaturas/lf'),
('9504', 4091, 'Informação não disponível', 'Informação não disponível', 'https://www.esscvp.eu/curso/licenciaturas/fisioterapia'),
('9504', 4097, 'Informação não disponível', 'Informação não disponível', 'https://www.santamariasaude.pt/'),
('9504', 4103, 'Informação não disponível', 'Informação não disponível', 'https://ipiaget.org/licenciaturas/fisioterapia/'),
('9504', 4105, 'Informação não disponível', 'Informação não disponível', 'http://www.essa.pt/portal/cursos/licenciaturas/licenciatura-em-fisioterapia/'),
('9504', 4106, 'Informação não disponível', 'Informação não disponível', 'https://www.egasmoniz.com.pt/pt-pt/ensino/essem/cursos/licenciaturas/licenciatura-em-fisioterapia.aspx'),
('9504', 4108, 'Informação não disponível', 'Informação não disponível', 'https://www.cespu.pt/ensino/candidaturas/cursos/'),
('9504', 4109, 'Informação não disponível', 'Informação não disponível', 'https://www.cespu.pt/ensino/ensino-politecnico/detalhes-do-programa-de-estudos/?course=VSFST'),
('9504', 4460, 'Informação não disponível', 'Informação não disponível', 'https://isave.pt/ensino/licenciaturas/fisioterapia/'),
('9504', 4590, 'Informação não disponível', 'Informação não disponível', 'https://www.essatla.pt/course/curso-de-formacao-superior-licenciatura-em-fisioterapia/'),
('9504', 4603, 'Informação não disponível', 'Informação não disponível', 'https://ipiaget.org/'),
('9504', 4620, 'Informação não disponível', 'Informação não disponível', 'https://www.ufp.pt/inicio/estudar-e-investigar/licenciaturas/fisioterapia/'),
('9504', 4626, 'Informação não disponível', 'Informação não disponível', 'https://ipiaget.org/escola-superior-de-saude-vila-nova-de-gaia/'),
('9504', 7020, '155,6', '160,6', 'https://www.ipcb.pt/esald/escola-superior-de-saude-dr-lopes-dias'),
('9504', 7035, 'Informação não disponível', 'Informação não disponível', 'https://www.ualg.pt/curso/1914'),
('9504', 7045, '159,6', '161,2', 'https://www.ipleiria.pt/curso/licenciatura-em-fisioterapia/'),
('9504', 7210, '165,7', '171,2', 'https://www.ipc.pt/pt/estudar/cursos/21228'),
('9504', 7220, '164,9', '164,3', 'https://www.estesl.ipl.pt/cursos/licenciaturas'),
('9504', 7230, '170,5', '172,8', 'https://www.ess.ipp.pt/cursos/licenciatura/550'),
('9506', 4620, 'Informação não disponível', 'Informação não disponível', 'https://www.ufp.pt/'),
('9507', 2750, 'Informação não disponível', 'Informação não disponível', 'https://www.ufp.pt/inicio/estudar-e-investigar/licenciaturas/arquitetura-e-urbanismo/'),
('9507', 4025, 'Informação não disponível', 'Informação não disponível', 'https://esg.pt/oferta-formativa/arquitetura-e-urbanismo/'),
('9540', 203, '119,6', '122,9', 'https://www.ualg.pt/en/curso/1907'),
('9540', 1105, '191,0', '195,8', 'https://sigarra.up.pt/feup/pt/cur_geral.cur_planos_estudos_view?pv_ano_lectivo=2014&pv_plano_id=2475'),
('9540', 1204, '122,9', '126,9', 'https://www.utad.pt/estudar/cursos/bioengenharia/'),
('9540', 2210, 'Informação não disponível', 'Informação não disponível', 'https://www.porto.ucp.pt/pt/central-oferta-formativa/licenciatura-bioengenharia'),
('9540', 3064, '115,6', '125,5', 'https://www.isec.pt/pt/estudar/licenciaturas/bioengenharia/'),
('9547', 2404, 'Informação não disponível', 'Informação não disponível', 'http://www.fam.ulusiada.pt/noticias/artigo.php?news_id=707'),
('9548', 506, '182,5', '185,5', 'https://apps.uc.pt/courses/PT/programme/1173/2021-2022?id_branch=5081'),
('9548', 1113, '182,0', '185,3', 'https://sigarra.up.pt/fmdup/pt/p/plano_estrategico'),
('9548', 1508, '180,8', '185,8', 'https://www.fmd.ulisboa.pt/mestrado-integrado-em-medicina-dentaria/'),
('9548', 2227, 'Informação não disponível', 'Informação não disponível', 'http://icm.crb.ucp.pt/site/custom/template/ucptplfac.asp?SSPAGEID=2080&lang=1&artigoID=1514'),
('9548', 2750, 'Informação não disponível', 'Informação não disponível', 'https://www.ufp.pt/inicio/estudar-e-investigar/licenciaturas/medicina-dentaria/'),
('9548', 4260, 'Informação não disponível', 'Informação não disponível', 'https://www.egasmoniz.com.pt/pt-pt/ensino/iuem/cursos/licenciaturas-e-mestrados-integrados/mestrado-integrado-em-medicina-dent%C3%A1ria.aspx'),
('9548', 4261, 'Informação não disponível', 'Informação não disponível', 'https://www.cespu.pt/ensino/ensino-universitario/cursos-iucs/detalhes-do-programa-de-estudos/?course=BO%5CMD'),
('9549', 4614, 'Informação não disponível', 'Informação não disponível', 'https://www.ipluso.pt/ensino/licenciaturas/35-licenciatura-em-analises-clinicas-e-saude-publica-1-ciclo'),
('9549', 7015, '115,2', '129,1', 'http://portal3.ipb.pt/index.php/pt/guiaects/cursos/licenciaturas/curso?cod_escola=7015&cod_curso=9549'),
('9549', 7035, '125,8', '127,7', 'https://www.ualg.pt/curso/1520'),
('9549', 7040, '112,6', '125,4', 'http://www.ess.ipg.pt/ensino_licenciatura.aspx?id=21&curso=Farm%C3%A1cia'),
('9549', 7210, '144,0', '144,8', 'https://www.ipc.pt/pt/estudar/cursos/21330'),
('9549', 7220, '151,2', '156,3', 'https://www.estesl.ipl.pt/'),
('9549', 7230, '156,5', '156,0', 'https://www.ipp.pt/ensino/cursos/licenciatura/ess/554'),
('9551', 2265, 'Informação não disponível', 'Informação não disponível', 'https://m.porto.ucp.pt/pt/central-oferta-formativa/licenciatura-em-conservacao-e-restauro'),
('9554', 901, '170,3', '179,3', 'https://guia.unl.pt/pt/2019/fcm/program/9554'),
('9554', 1101, '158,5', '180,3', 'https://sigarra.up.pt/fcnaup/pt/cur_geral.cur_view?pv_curso_id=833&pv_origem=CAND'),
('9554', 1204, '139,3', '154,0', 'https://www.utad.pt/estudar/en/cursos/nutritional_sciences/'),
('9554', 1507, '168,8', '179,5', 'https://www.medicina.ulisboa.pt/licenciatura-em-ciencias-da-nutricao-lcn'),
('9554', 2210, 'Informação não disponível', 'Informação não disponível', 'https://www.porto.ucp.pt/pt/central-oferta-formativa/licenciatura-ciencias-nutricao'),
('9554', 2710, 'Informação não disponível', 'Informação não disponível', 'https://www.uatlantica.pt/index.php/course/licenciatura-em-ciencias-da-nutricao/'),
('9554', 2750, 'Informação não disponível', 'Informação não disponível', 'https://www.ufp.pt/inicio/estudar-e-investigar/licenciaturas/ciencias-da-nutricao/'),
('9554', 2800, 'Informação não disponível', 'Informação não disponível', 'https://www.ulusofona.pt/licenciatura/ciencias-da-nutricao'),
('9554', 4260, 'Informação não disponível', 'Informação não disponível', 'https://www.egasmoniz.com.pt/pt-pt/ensino/iuem/cursos/licenciaturas-e-mestrados-integrados/licenciatura-em-ci%C3%AAncias-da-nutri%C3%A7%C3%A3o.aspx'),
('9554', 4261, 'Informação não disponível', 'Informação não disponível', 'https://www.cespu.pt/ensino/ensino-universitario/cursos-iucs/detalhes-do-programa-de-estudos/?course=ISCCN'),
('9556', 1508, '145,3', '149,5', 'https://www.fmd.ulisboa.pt/licenciatura-em-higiene-oral/'),
('9556', 7055, '125,7', '130,3', 'https://www.ipportalegre.pt/oferta-formativa/higiene-oral'),
('9563', 3022, '134,3', '132,2', 'https://www.ipbeja.pt/cursos/ese-des/Paginas/default.aspx'),
('9563', 3042, '129,2', '134,5', 'http://portal3.ipb.pt/index.php/pt/guiaects/cursos/licenciaturas/curso?cod_escola=3042&cod_curso=9563'),
('9563', 3081, '136,0', '135,7', 'https://www.ualg.pt/curso/1538'),
('9563', 3091, '121,1', '129,1', 'http://www.esecd.ipg.pt/'),
('9563', 3131, '153,3', '155,9', 'https://www.ese.ipp.pt/cursos/licenciatura/432'),
('9563', 3151, '136,4', '149,8', 'https://www.si.ips.pt/ese_si/cursos_geral.formview?P_CUR_SIGLA=DESP'),
('9563', 4076, 'Informação não disponível', 'Informação não disponível', 'https://www.iesfafe.pt/'),
('9563', 4270, 'Informação não disponível', 'Informação não disponível', 'https://www.isce.pt/pt/o-isce/planos-e-relatorios'),
('9563', 4271, 'Informação não disponível', 'Informação não disponível', 'https://www.iscedouro.pt/pt/Oferta-formativa/1-%C2%BA-Ciclo-Licenciaturas/Educacao-Fisica-e-Desporto/'),
('9563', 4627, 'Informação não disponível', 'Informação não disponível', 'https://ipiaget.org/ipjpn/esdejpvngaia/'),
('9619', 3061, '128,1', '109,3', 'https://www.ipc.pt/pt/estudar/cursos/19401'),
('9627', 3102, '128,1', '135,3', 'https://www.ipleiria.pt/curso/licenciatura-em-contabilidade-e-financas/'),
('9627', 3153, '139,0', '148,8', 'https://www.esce.ips.pt/cursos/licenciaturas/cf'),
('9628', 3153, '120,8', ' ', 'https://www.esce.ips.pt/cursos/licenciaturas/cf'),
('9629', 3153, '132,0', '144,7', 'https://www.esce.ips.pt/cursos/licenciaturas/gdl'),
('9630', 3153, '137,1', '145,6', 'https://www.esce.ips.pt/cursos/licenciaturas/gsi'),
('9633', 3151, '131,2', '132,8', 'https://www.si.ips.pt/ese_si/cursos_geral.formview?P_CUR_SIGLA=LGP'),
('9640', 3241, '120,0', '123,3', 'http://portal2.ipt.pt/pt/cursos/licenciaturas/l_-_grhco/Plano_curricular/'),
('9644', 3242, '117,3', '123,6', 'http://portal2.ipt.pt/pt/cursos/Licenciaturas/L_-_DTAG/'),
('9645', 2800, 'Informação não disponível', 'Informação não disponível', 'https://www.ulusofona.pt/licenciatura/fotografia'),
('9645', 3242, '117,7', '107,5', 'http://portal2.ipt.pt/pt/cursos/licenciaturas/l_-_foto/Plano_curricular/'),
('9645', 3331, '151,9', '150,9', 'https://www.esmad.ipp.pt/'),
('9648', 3102, ' ', '118,6', 'https://www.ipleiria.pt/curso/licenciatura-em-engenharia-da-energia-e-do-ambiente/'),
('9652', 3091, '106,7', '98,0', 'http://www.ipg.pt/website/ensino_licenciatura.aspx?id=13&curso=Comunica%C3%A7%C3%A3o%20e%20Rela%C3%A7%C3%B5es%20P%C3%BAblicas'),
('9662', 2800, 'Informação não disponível', 'Informação não disponível', 'https://www.ulusofona.pt/licenciatura/comunicacao-e-jornalismo'),
('9662', 3045, '116,5', '106,7', 'http://www.esact.ipb.pt/index.php/esact/alunos/cursos/licenciaturas/comunicacao-e-jornalismo/465-alunos-cursos-licenciaturas-comunicacao-e-jornalismo-plano'),
('9664', 3164, '137,4', '133,4', 'https://www.ipvc.pt/en/cursos/marketing-e-comunicacao-empresarial/'),
('9668', 3062, '125,2', '133,4', 'https://www.ipc.pt/pt/estudar/cursos/20332'),
('9668', 4520, 'Informação não disponível', 'Informação não disponível', 'https://isssp.pt/'),
('9670', 3122, '117,5', '109,9', 'https://www.ipportalegre.pt/oferta-formativa/administracao-de-publicidade-e-marketing'),
('9673', 3061, '113,1', ' ', 'https://www.ipc.pt/pt/estudar/cursos/19497'),
('9675', 3062, '131,0', '138,7', 'https://www.ipc.pt/pt/estudar/cursos/20369'),
('9682', 4010, 'Informação não disponível', 'Informação não disponível', 'http://www.esap.pt/ensino/curso/artes-plasticas-intermedia'),
('9683', 4010, 'Informação não disponível', 'Informação não disponível', 'http://www.esap.pt/ensino/curso/artes-visuais-fotografia'),
('9687', 3154, '110,3', '117,3', 'https://www.estbarreiro.ips.pt/cursos/licenciaturas/lbi'),
('9688', 1000, '147,4', '147,8', 'https://www.uminho.pt/pt/ensino/oferta-educativa/_layouts/15/uminho.portalum.ui/pages/catalogocursodetail.aspx?itemid=3031&catid=9'),
('9690', 3102, '112,8', '118,4', 'https://www.ipleiria.pt/curso/licenciatura-em-biomecanica/'),
('9694', 505, '135,4', '144,4', 'https://apps.uc.pt/courses/pt/course/5543'),
('9694', 1107, '144,4', '147,2', 'https://sigarra.up.pt/flup/pt/cur_geral.cur_planos_estudos_view?pv_ano_lectivo=2021&pv_origem=CUR&pv_plano_id=13961&pv_tipo_cur_sigla='),
('9696', 1103, '161,0', '171,0', 'https://sigarra.up.pt/fcup/pt/cur_geral.cur_view?pv_ano_lectivo=2021&pv_curso_id=885&pv_origem=CAND'),
('9701', 1107, '170,2', '172,4', 'https://sigarra.up.pt/flup/pt/cur_geral.cur_planos_estudos_view?pv_ano_lectivo=2013&pv_plano_id=1576'),
('9707', 400, '137,7', '137,4', 'https://www.ubi.pt/curso/65'),
('9707', 508, '144,2', '144,6', 'https://www.uc.pt/fcdef'),
('9707', 602, '137,1', '138,0', 'https://www.uevora.pt/estudar/cursos/licenciaturas?curso=2008'),
('9707', 1111, '155,5', '155,0', 'https://sigarra.up.pt/fadeup/pt/cur_geral.cur_planos_estudos_view?pv_plano_id=3132&pv_ano_lectivo=2019&pv_tipo_cur_sigla=L&pv_origem=CUR'),
('9707', 1204, '140,5', '142,2', 'https://www.utad.pt/estudar/cursos/ciencias-do-desporto/'),
('9707', 1510, '141,0', '150,5', 'http://www.fmh.utl.pt/pt/licenciaturas/ciencias-do-desporto/plano-de-estudos'),
('9707', 4375, 'Informação não disponível', 'Informação não disponível', 'https://www.ismat.pt/ensino/licenciaturas/licenciatura-em-ciencias-do-desporto.html'),
('9708', 1110, '155,0', '153,0', 'https://sigarra.up.pt/icbas/pt/cur_geral.cur_view?pv_curso_id=1288'),
('9709', 1103, '136,5', '142,5', 'https://sigarra.up.pt/fcup/pt/cur_geral.cur_view?pv_ano_lectivo=2021&pv_curso_id=887'),
('9713', 4010, 'Informação não disponível', 'Informação não disponível', 'http://www.esap.pt/ensino/curso/cinema-audiovisual/plano-estudos'),
('9716', 3134, '158,4', '157,1', 'https://www.iscap.ipp.pt/cursos/licenciatura/564'),
('9716', 4280, 'Informação não disponível', 'Informação não disponível', 'https://www.iscet.pt/'),
('9717', 3062, '146,7', '149,5', 'https://www.ipc.pt/pt/estudar/cursos/20426'),
('9720', 1306, '129,7', '132,4', 'https://www.uma.pt/ensino/1o-ciclo/licenciatura-em-comunicacao-cultura-e-organizacoes/'),
('9722', 3063, '135,3', '141,3', 'https://www.ipc.pt/pt/estudar/cursos/22582'),
('9723', 3103, '132,6', '141,1', 'https://www.ipleiria.pt/curso/licenciatura-em-design-de-ambientes/'),
('9723', 3163, '95,0', '111,3', 'https://www.ipvc.pt/en/cursos/design-de-ambientes/'),
('9725', 3055, '135,2', '129,5', 'https://www.ipcb.pt/esart/ensino/licenciatura-em-design-de-interiores-e-equipamento'),
('9726', 3055, '141,6', '131,6', 'https://www.ipcb.pt/esart/ensino/licenciatura-em-design-de-moda-e-textil'),
('9727', 3163, '133,8', '133,5', 'https://www.ipvc.pt/en/cursos/design-do-produto/'),
('9729', 3103, '160,7', '151,8', 'https://www.ipleiria.pt/curso/licenciatura-em-design-grafico-e-multimedia/'),
('9730', 3145, '126,4', '137,6', 'https://siesdrm.ipsantarem.pt/esdrm/cursos_geral.FormView?P_CUR_SIGLA=LLDNT1'),
('9731', 3062, '140,1', '145,4', 'https://www.ipc.pt/pt/estudar/cursos/20483'),
('9731', 3165, '133,3', '128,0', 'https://www.ipvc.pt/en/cursos/desporto-e-lazer/'),
('9736', 1308, '140,2', '140,8', 'https://www.uma.pt/ensino/1o-ciclo/licenciatura-em-educacao-fisica-e-desporto/'),
('9736', 2800, 'Informação não disponível', 'Informação não disponível', 'https://www.ulusofona.pt/licenciatura/educacao-fisica-e-desporto'),
('9736', 4032, 'Informação não disponível', 'Informação não disponível', 'https://www.ulp.pt/undergraduate/educacao-fisica-e-desporto'),
('9736', 4306, 'Informação não disponível', 'Informação não disponível', 'https://ipiaget.org/licenciaturas/educacao-fisica-e-desporto/'),
('9736', 4630, 'Informação não disponível', 'Informação não disponível', 'https://www.ismai.pt/pt/ensino/oferta-formativa/licenciaturas/educacao-fisica-e-desporto'),
('9740', 400, '172,4', '165,9', 'https://www.ubi.pt/PlanoDeEstudos/73/1335/2020'),
('9741', 3102, '119,8', '108,3', 'https://www.ipleiria.pt/curso/licenciatura-em-engenharia-automovel/'),
('9743', 3163, ' ', ' ', 'https://www.ipvc.pt/cursos/engenharia-civil-e-do-ambiente-2/'),
('9745', 7105, '110,3', '111,2', 'https://www.enautica.pt/pt/cursos-4/licenciaturas-9/engenharia-de-maquinas-maritimas-13/'),
('9751', 602, '107,9', '119,7', 'https://www.uevora.pt/estudar/cursos/licenciaturas?curso=2571'),
('9751', 3163, '113,3', '111,3', 'https://www.ipvc.pt/en/cursos/engenharia-mecatronica/'),
('9752', 602, '127,9', '116,5', 'https://www.uevora.pt/estudar/cursos/licenciaturas?curso=2534'),
('9752', 1201, '108,0', '106,7', 'https://www.utad.pt/estudar/cursos/enologia/'),
('9752', 3041, ' ', '114,0', 'http://esa.ipb.pt/cursos/licenciatura-enologia/'),
('9754', 1502, '158,0', '164,5', 'https://www.belasartes.ulisboa.pt/cursos/licenciaturas/escultura/'),
('9759', 3031, '135,8', '141,9', 'https://esg.ipca.pt/curso/fiscalidade-licenciatura/'),
('9761', 1204, '140,4', '138,5', 'https://www.utad.pt/estudar/cursos/genetica-e-biotecnologia/'),
('9763', 2400, 'Informação não disponível', 'Informação não disponível', 'https://www.lis.ulusiada.pt/pt-pt/cursos/1314/1%C2%BAciclo%E2%80%93licenciaturasemestradosintegrados/gest%C3%A3odasorganiza%C3%A7%C3%B5esdesportivas.aspx'),
('9763', 3145, '132,6', '132,0', 'https://siesdrm.ipsantarem.pt/esdrm/cursos_geral.FormView?P_CUR_SIGLA=LLGO1'),
('9767', 3131, '134,9', '138,1', 'https://www.ipp.pt/ensino/cursos/licenciatura/ese/469'),
('9770', 3064, '136,4', '146,5', 'https://www.ipc.pt/ipc/oferta-formativa/licenciatura-em-engenharia-informatica-curso-europeu/'),
('9773', 505, '161,0', '160,5', 'https://apps.uc.pt/courses/pt/course/5341'),
('9773', 3121, '110,4', '101,5', 'https://www.ipportalegre.pt/oferta-formativa/jornalismo-e-comunicacao'),
('9774', 3062, '115,9', '137,1', 'https://www.ipc.pt/pt/estudar/cursos/20520'),
('9779', 505, '153,5', '155,0', 'https://apps.uc.pt/courses/pt/course/5421'),
('9782', 3114, 'Informação não disponível', 'Informação não disponível', 'https://www.eselx.ipl.pt/curso/licenciatura/musica-na-comunidade/plano-de-estudos'),
('9784', 3055, 'Informação não disponível', 'Informação não disponível', 'https://www.ipcb.pt/esart/ensino/licenciatura-em-musica-variante-de-instrumento'),
('9785', 1000, '164,0', '163,8', 'https://www.eeg.uminho.pt/pt/estudar/Licenciaturas/Paginas/negocios-internacionais.aspx'),
('9785', 3143, '114,6', '116,3', 'https://siesgt.ipsantarem.pt/esgt/web_base.gera_pagina?P_pagina=1349899'),
('9787', 604, '110,4', '127,2', 'https://www.uevora.pt/estudar/cursos/licenciaturas?curso=2476'),
('9789', 7105, '157,8', '159,2', 'https://www.enautica.pt/pt/cursos-4/licenciaturas-9/pilotagem-12/'),
('9790', 1502, '171,0', '177,5', 'https://www.belasartes.ulisboa.pt/cursos/licenciaturas/pintura/'),
('9791', 1508, '133,0', '139,3', 'https://www.fmd.ulisboa.pt/'),
('9791', 4106, 'Informação não disponível', 'Informação não disponível', 'https://www.egasmoniz.com.pt/pt-pt/ensino/essem/cursos/licenciaturas/licenciatura-em-pr%C3%B3tese-dent%C3%A1ria/plano-de-estudos.aspx'),
('9791', 4109, 'Informação não disponível', 'Informação não disponível', 'https://www.cespu.pt/ensino/candidaturas/cursos/'),
('9797', 3101, '132,8', '130,1', 'https://www.ipleiria.pt/curso/licenciatura-em-relacoes-humanas-e-comunicacao-organizacional/'),
('9798', 150, '122,2', '120,2', 'https://uac.pt/ensino/curso.php?id=4340&l=PT&a=2020/2021&f=FCSH'),
('9801', 3063, '144,9', '135,2', 'https://www.ipc.pt/pt/estudar/cursos/22621'),
('9803', 1202, '120,3', '120,5', 'https://www.utad.pt/estudar/en/cursos/theatre-and-performing-arts/'),
('9807', 3131, '134,1', '148,3', 'https://www.ipp.pt/ensino/cursos/licenciatura/ese/462'),
('9808', 3145, '135,4', '134,2', 'https://siesdrm.ipsantarem.pt/esdrm/cursos_geral.FormView?P_CUR_SIGLA=LLTD'),
('9808', 4581, 'Informação não disponível', 'Informação não disponível', 'https://www.ipmaia.pt/pt/ensino/oferta-formativa/licenciaturas/treino-desportivo'),
('9813', 400, '183,2', '190,0', 'https://www.ubi.pt/PlanoDeEstudos/52/1630/2020'),
('9813', 506, '185,8', ' ', 'https://apps.uc.pt/courses/PT/programme/5841/2018-2019?id_branch=16221'),
('9813', 901, '184,5', '194,2', 'https://www.nms.unl.pt/'),
('9813', 1000, '187,8', ' ', 'https://www.med.uminho.pt/pt/Medicina/Paginas/Plano-Estudos.aspx'),
('9813', 1108, '188,5', '192,8', 'https://sigarra.up.pt/fmup/en/cur_geral.cur_view?pv_curso_id=1201'),
('9813', 1110, '189,8', '192,2', 'https://sigarra.up.pt/icbas/en/cur_geral.cur_view?pv_curso_id=1289'),
('9813', 1507, '183,3', ' ', 'http://www.medicina.ulisboa.pt/en/integrated-master-degree-medicine'),
('9813', 2299, 'Informação não disponível', 'Informação não disponível', 'https://fm.ucp.pt/pt-pt/mestrado-integrado-em-medicina/plano-curricular'),
('9816', 3055, 'Informação não disponível', 'Informação não disponível', 'https://www.ipcb.pt/esart/ensino/licenciatura-em-musica-variante-de-musica-electronica-e-producao-musical'),
('9817', 201, '115,0', '111,6', 'https://www.ualg.pt/curso/1453'),
('9817', 1000, '158,0', '158,5', 'https://www.arquitetura.uminho.pt/pt/Ensino/Licenciaturas_e_Mestrados_Integrados/Licenciatura-Artes-Visuais/Paginas/Plano-Estudos.aspx'),
('9817', 1306, '135,2', '127,4', 'https://www.uma.pt/ensino/1o-ciclo/licenciatura-em-artes-visuais/'),
('9817', 2800, 'Informação não disponível', 'Informação não disponível', 'https://www.ulusofona.pt/licenciatura/artes-visuais'),
('9818', 602, '133,4', '115,2', 'https://www.uevora.pt/estudar/cursos/licenciaturas?curso=2510'),
('9819', 504, '135,0', '135,8', 'https://apps.uc.pt/courses/en/course/1590'),
('9821', 201, '123,5', '132,4', 'https://www.ualg.pt/curso/1448'),
('9822', 4260, 'Informação não disponível', 'Informação não disponível', 'https://www.egasmoniz.com.pt/pt-pt/ensino/iuem/cursos/licenciaturas-e-mestrados-integrados/licenciatura-em-ci%C3%AAncias-da-sa%C3%BAde.aspx'),
('9829', 3134, '142,1', '153,0', 'https://moam.info/acesso-ao-ensino-superior-youblisher_59dd2d291723ddb6821c9b27.html'),
('9832', 504, '132,2', '134,4', 'https://apps.uc.pt/courses/pt/course/1591'),
('9833', 7015, '126,0', '107,1', 'http://portal3.ipb.pt/index.php/pt/guiaects/cursos/licenciaturas/curso?cod_escola=7015&cod_curso=9833'),
('9834', 201, '113,3', '129,8', 'https://www.ualg.pt/en/curso/1571'),
('9835', 400, '115,5', '117,0', 'http://www.ubi.pt/PlanoDeEstudos/1084/1615/2019'),
('9836', 3055, 'Informação não disponível', 'Informação não disponível', 'https://www.ipcb.pt/esart/ensino/licenciatura-em-musica-variante-de-canto'),
('9837', 3132, 'Informação não disponível', 'Informação não disponível', 'https://www.ipp.pt/ensino/cursos/licenciatura/esmae/40001775'),
('9838', 3132, 'Informação não disponível', 'Informação não disponível', 'https://www.esmae.ipp.pt/cursos/licenciatura/40001774'),
('9839', 3132, 'Informação não disponível', 'Informação não disponível', 'https://www.ipp.pt/ensino/cursos/licenciatura/esmae/40001773'),
('9840', 3132, 'Informação não disponível', 'Informação não disponível', 'https://www.ipp.pt/ensino/cursos/licenciatura/esmae/40001776'),
('9841', 602, '135,6', '138,5', 'https://www.uevora.pt/estudar/cursos/licenciaturas?curso=2488'),
('9841', 1204, '131,0', '136,7', 'https://www.utad.pt/estudar/cursos/reabilitacao-psicomotora/'),
('9841', 1510, '143,5', '145,5', 'http://www.fmh.ulisboa.pt/pt/licenciaturas/reabilitacao-psicomotora-1c/plano-de-estudos'),
('9842', 3132, 'Informação não disponível', 'Informação não disponível', 'https://www.esmae.ipp.pt/'),
('9847', 602, '165,8', '168,0', 'https://www.uevora.pt/estudar/cursos/licenciaturas?curso=2505'),
('9847', 1110, '178,0', '182,0', 'https://sigarra.up.pt/icbas/en/cur_geral.cur_view?pv_curso_id=1290'),
('9847', 1201, '171,2', '178,9', 'https://www.utad.pt/estudar/en/cursos/veterenary-medicine/'),
('9847', 1509, '170,0', '175,0', 'https://www.fmv.ulisboa.pt/pt/ensino/mestradointegrado/mestrado-integrado-em-medicina-veterinaria'),
('9847', 2800, 'Informação não disponível', 'Informação não disponível', 'https://www.ulusofona.pt/mestrados-integrados/medicina-veterinaria'),
('9847', 4126, 'Informação não disponível', 'Informação não disponível', 'https://www.euvg.pt/index.php?option=com_content&view=article&id=44&Itemid=4&lang=pt'),
('9847', 4260, 'Informação não disponível', 'Informação não disponível', 'https://www.egasmoniz.com.pt/pt-pt/ensino/iuem/cursos/licenciaturas-e-mestrados-integrados/mestrado-integrado-em-medicina-veterin%C3%A1ria.aspx'),
('9847', 4261, 'Informação não disponível', 'Informação não disponível', 'https://www.cespu.pt/ensino/ensino-universitario/cursos-iucs/detalhes-do-programa-de-estudos/?course=MI-MV'),
('9848', 3105, '100,0', '108,0', 'https://www.ipleiria.pt/curso/licenciatura-em-animacao-turistica/'),
('9850', 3052, '126,1', '132,2', 'https://www.ipcb.pt/esecb/ensino/licenciatura-em-desporto-e-actividade-fisica'),
('9850', 3181, '135,6', ' ', 'https://www.esev.ipv.pt/Cursos/apresentacao.aspx?value=8'),
('9851', 3101, '131,6', '136,1', 'https://www.ipleiria.pt/curso/licenciatura-em-desporto-e-bem-estar/'),
('9853', 150, '117,6', ' ', 'https://novoportal.uac.pt/pt-pt/ensino-licenciaturas'),
('9853', 300, '133,0', '135,3', 'https://www.ua.pt/pt/curso/94'),
('9853', 604, '114,9', '120,4', 'https://www.uevora.pt/estudar/cursos/licenciaturas?curso=2327'),
('9853', 1000, '132,6', '145,6', 'https://www.ie.uminho.pt/pt/Ensino/licenciaturas/Paginas/LicenciaturaemEducacaoBasica.aspx'),
('9853', 1202, '121,8', '129,1', 'https://www.utad.pt/estudar/cursos/educacao-basica/'),
('9853', 1308, '113,5', '122,9', 'https://www.uma.pt/ensino/1o-ciclo/licenciatura-em-educacao-basica/'),
('9853', 3022, '122,6', '98,5', 'https://www.ipbeja.pt/cursos/ese-edb/Paginas/default.aspx'),
('9853', 3042, '108,6', '117,2', 'http://portal3.ipb.pt/index.php/pt/guiaects/cursos/licenciaturas/curso?cod_escola=3042&cod_curso=9853'),
('9853', 3052, '112,7', '113,5', 'https://www.ipcb.pt/esecb/ensino/licenciatura-em-educacao-basica'),
('9853', 3062, '137,3', '141,4', 'https://www.ipc.pt/pt/estudar/cursos/20567'),
('9853', 3081, '127,7', '142,2', 'https://esec.ualg.pt/'),
('9853', 3091, '98,5', '115,4', 'http://www.esecd.ipg.pt/'),
('9853', 3101, '108,9', '116,4', 'https://www.ipleiria.pt/curso/licenciatura-em-educacao-basica/'),
('9853', 3112, '136,8', '145,8', 'https://www.eselx.ipl.pt/curso/licenciatura/educacao-basica/plano-de-estudos'),
('9853', 3121, ' ', '130,6', 'https://www.ipportalegre.pt/oferta-formativa/educacao-basica'),
('9853', 3131, '145,2', '154,0', 'https://www.ipp.pt/ensino/cursos/licenciatura/ese/461'),
('9853', 3142, '121,0', '106,8', 'https://siese.ipsantarem.pt/ese/cursos_geral.FormView?P_CUR_SIGLA=LEBA1'),
('9853', 3151, '112,8', '139,6', 'https://www.si.ips.pt/ese_si/cursos_geral.formview?P_CUR_SIGLA=LEB'),
('9853', 3162, '111,6', '113,2', 'https://www.ipvc.pt/en/cursos/educacao-basica-2/'),
('9853', 3181, '112,3', '109,9', 'https://www.esev.ipv.pt/Cursos/apresentacao.aspx?value=5'),
('9853', 4076, 'Informação não disponível', 'Informação não disponível', 'https://www.iesfafe.pt/index.php?option=com_jdownloads&Itemid=30&view=viewcategory&catid=6&lang=pt'),
('9853', 4080, 'Informação não disponível', 'Informação não disponível', 'http://www.ese-jdeus.edu.pt/'),
('9853', 4085, 'Informação não disponível', 'Informação não disponível', 'https://www.esepf.pt/'),
('9853', 4270, 'Informação não disponível', 'Informação não disponível', 'https://www.isce.pt/'),
('9853', 4271, 'Informação não disponível', 'Informação não disponível', 'https://www.iscedouro.pt/pt/Oferta-formativa/1-%C2%BA-Ciclo-Licenciaturas/Educacao-Basica/'),
('9853', 4298, 'Informação não disponível', 'Informação não disponível', 'https://www.iseclisboa.pt/index.php/pt/'),
('9853', 4450, 'Informação não disponível', 'Informação não disponível', 'https://www.ispa.pt/oferta-formativa/licenciatura-educacao-basica/'),
('9853', 4601, 'Informação não disponível', 'Informação não disponível', 'https://ipiaget.org/licenciaturas/educacao-basica/'),
('9853', 4616, 'Informação não disponível', 'Informação não disponível', 'https://www.ipluso.pt/licenciaturas/licenciatura-em-educacao-basica'),
('9853', 4627, 'Informação não disponível', 'Informação não disponível', 'https://ipiaget.org/ipjpn/esdejpvngaia/'),
('9855', 3092, '120,8', '106,7', 'http://www.ipg.pt/website/ensino_licenciatura.aspx?id=2&curso=Energia%20e%20Ambiente'),
('9861', 7210, '101,0', '126,4', 'https://www.ipc.pt/pt/estudar/cursos/21139'),
('9861', 7220, '130,0', '153,4', 'https://www.estesl.ipl.pt/cursos/licenciaturas/saude-ambiental'),
('9861', 7230, '123,0', '140,5', 'https://www.ess.ipp.pt/cursos/licenciatura/549'),
('9862', 3152, '115,7', '113,4', 'https://www.estsetubal.ips.pt/cursos/licenciaturas/tgi'),
('9866', 3134, '146,1', '142,2', 'https://www.iscap.ipp.pt/cursos/licenciatura'),
('9867', 3134, '146,6', '157,5', 'https://www.iscap.ipp.pt/cursos/licenciatura'),
('9869', 3011, '122,7', '137,1', 'https://www.ua.pt/pt/curso/48'),
('9869', 3031, '126,7', '133,2', 'https://esg.ipca.pt/curso/contabilidade/'),
('9870', 3117, '130,5', '142,4', 'https://www.ipl.pt/estudar/cursos/licenciaturas/contabilidade-e-administracao'),
('9870', 3134, '131,6', '142,9', 'https://www.iscap.ipp.pt/cursos/licenciatura'),
('9873', 3033, '145,5', '158,9', 'https://esd.ipca.pt/curso/design-grafico/'),
('9875', 7110, '133,6', '140,6', 'https://www.eshte.pt/pt/artigos/licenciaturas/direccao-e-gestao-hoteleira'),
('9876', 3112, '118,8', '142,0', 'https://www.ipl.pt/estudar/cursos/licenciaturas/educacao-basica'),
('9878', 3131, '136,0', '113,5', 'https://www.ipp.pt/ensino/cursos/licenciatura/ese/464'),
('9879', 3131, '126,9', '139,4', 'https://www.ipp.pt/ensino/cursos/licenciatura/ese/470'),
('9884', 3064, ' ', ' ', 'https://www.isec.pt/PT/estudar/licenciaturas/EngElectrotecnica/'),
('9885', 3064, '128,0', '149,2', 'https://www.ipc.pt/pt/estudar/cursos/24346'),
('9885', 3102, '121,2', '138,7', 'https://www.ipleiria.pt/curso/licenciatura-em-engenharia-informatica/'),
('9885', 6800, '150,5', '164,0', 'https://www.iscte-iul.pt/curso/3/licenciatura-engenharia-informatica'),
('9886', 3102, '132,2', ' ', 'https://www.ipleiria.pt/curso/licenciatura-em-engenharia-mecanica/'),
('9888', 3011, '113,9', '144,3', 'https://www.ua.pt/pt/curso/449'),
('9889', 3117, '137,9', '145,5', 'https://www.iscal.ipl.pt/cursos/1780/plano-de-estudos'),
('9890', 3013, '134,8', '145,4', 'https://www.ua.pt/pt/curso/174'),
('9890', 3155, '138,0', '147,0', 'https://www.ess.ips.pt/cursos/licenciaturas/ltf'),
('9890', 4105, 'Informação não disponível', 'Informação não disponível', 'http://www.essa.pt/portal/cursos/licenciaturas/licenciatura-em-terapia-da-fala/'),
('9890', 7045, '126,4', '137,2', 'https://www.ipleiria.pt/curso/licenciatura-em-terapia-da-fala/'),
('9890', 7230, '134,5', '143,5', 'https://www.ipp.pt/ensino/cursos/licenciatura/ess/641'),
('9891', 501, '159,0', '157,5', 'https://apps.uc.pt/courses/PT/programme/462/2021-2022?id_branch=18282'),
('9894', 3062, '149,9', '150,2', 'https://www.ipc.pt/pt/estudar/cursos/20613'),
('9898', 3042, '116,1', '110,7', 'http://portal3.ipb.pt/index.php/pt/guiaects/cursos/licenciaturas/curso?cod_escola=3042&cod_curso=9898'),
('9898', 3062, '159,2', '160,5', 'https://www.ipc.pt/pt/estudar/cursos/20651'),
('9899', 3062, 'Informação não disponível', 'Informação não disponível', 'https://www.ipc.pt/pt/estudar/cursos/20689'),
('9904', 1502, '174,0', '181,5', 'https://www.belasartes.ulisboa.pt/en/cursos/licenciaturas/arte-multimedia/'),
('9904', 4630, 'Informação não disponível', 'Informação não disponível', 'https://www.ismai.pt/pt/ensino/oferta-formativa/licenciaturas/arte-multimedia'),
('9910', 602, '126,1', '138,1', 'https://www.uevora.pt/estudar/cursos/licenciaturas?curso=2566'),
('9910', 3043, ' ', ' ', 'http://portal3.ipb.pt/index.php/pt/guiaects/cursos/licenciaturas/curso?cod_escola=3043&cod_curso=9910'),
('9912', 1519, '156,5', '157,3', 'https://tecnico.ulisboa.pt/pt/ensino/cursos/licenciaturas/engenharia-eletronica/'),
('9914', 1506, '157,0', '156,5', 'https://www.ulisboa.pt/curso/licenciatura/estudos-asiaticos'),
('9917', 902, '127,5', '145,0', 'https://www.fcsh.unl.pt/cursos/licenciatura_em_estudos_portugueses/'),
('9917', 1000, '125,6', '138,0', 'https://www.uminho.pt/pt/ensino/oferta-educativa/_layouts/15/uminho.portalum.ui/pages/catalogocursodetail.aspx?itemid=3731&catid=11'),
('9917', 1107, '142,6', '143,4', 'https://sigarra.up.pt/flup/pt/cur_geral.cur_planos_estudos_view?pv_ano_lectivo=2020&pv_plano_id=19102'),
('9917', 1506, '134,0', ' ', 'https://www.ulisboa.pt/curso/licenciatura/estudos-portugueses'),
('9917', 2223, 'Informação não disponível', 'Informação não disponível', 'https://www2.braga.ucp.pt/index.php/licenciaturas'),
('9918', 400, '107,0', '131,3', 'https://www.ubi.pt/curso/36'),
('9921', 3139, '153,7', '150,6', 'https://esht.ipca.pt/curso/gestao-de-atividades-turisticas/'),
('9924', 7105, '134,2', '138,1', 'https://www.enautica.pt/pt/cursos-4/licenciaturas-9/gestao-de-transportes-e-logistica-33/'),
('9926', 7105, '140,0', '146,8', 'https://www.enautica.pt/pt/cursos-4/licenciaturas-9/gestao-portuaria-34/'),
('9927', 6800, '136,0', '134,5', 'https://www.iscte-iul.pt/curso/49/licenciatura-historia-moderna-contemporanea'),
('9930', 3181, '123,4', '122,0', 'https://www.esev.ipv.pt/Cursos/apresentacao.aspx?value=12'),
('9933', 3042, '123,7', '106,9', 'https://portal3.ipb.pt/index.php/pt/guiaects/cursos/licenciaturas/curso?cod_escola=3042&cod_curso=9933'),
('9934', 4630, 'Informação não disponível', 'Informação não disponível', 'https://www.ismai.pt/pt/ensino/oferta-formativa/licenciaturas/energias-renovaveis'),
('9936', 3135, '152,0', '159,8', 'https://www.ipp.pt/ensino/cursos/licenciatura/isep/167'),
('9990', 3031, '122,8', '133,2', 'https://esg.ipca.pt/curso/fiscalidade-licenciatura/'),
('9991', 3102, '110,1', '134,5', 'https://www.ipleiria.pt/curso/licenciatura-em-gestao/'),
('9991', 3117, '140,4', '146,7', 'https://www.iscal.ipl.pt/cursos/1781/plano-de-estudos'),
('9991', 3122, ' ', '119,1', 'https://www.ipportalegre.pt/oferta-formativa/gestao-pos-laboral'),
('9993', 3153, '116,8', '136,8', 'https://www.esce.ips.pt/cursos/licenciaturas/gdlpl'),
('9994', 3023, '95,0', '118,9', 'https://www.ipbeja.pt/cursos/estig-ge/Paginas/default.aspx'),
('9994', 3031, '141,0', '151,3', 'https://esg.ipca.pt/curso/gestao-empresarial/'),
('9994', 3143, '113,2', '107,1', 'https://siesgt.ipsantarem.pt/esgt/web_base.gera_pagina?P_pagina=1344750'),
('9994', 3182, '111,7', '105,1', 'https://www.estgv.ipv.pt/estgv/?v=196'),
('9995', 7110, '130,2', '136,4', 'https://www.eshte.pt/pt/artigos/licenciaturas/gestao-do-lazer-em-animacao-turistica'),
('9996', 7110, '139,4', '140,8', 'https://www.eshte.pt/pt/artigos/licenciaturas/gestao-turistica'),
('A001', 1517, '167,0', '168,0', 'https://www.iseg.ulisboa.pt/aquila/unidade/SecLic/candidatos/estudantes-internacionais/cursos-no-iseg'),
('A004', 3043, '105,8', '98,0', 'https://portal3.ipb.pt/index.php/pt/guiaects/cursos/licenciaturas/curso?cod_escola=3043&cod_curso=8487'),
('A006', 1517, '162,5', '165,0', 'https://www.iseg.ulisboa.pt/aquila/unidade/SecLic/candidatos/estudantes-internacionais/cursos-no-iseg'),
('A013', 1517, '160,0', '163,5', 'https://www.iseg.ulisboa.pt/aquila/unidade/SecLic/candidatos/estudantes-internacionais/cursos-no-iseg'),
('G008', 1501, '160,0', '174,5', 'https://www.fa.ulisboa.pt/index.php/pt/cursos/mestradointegrado/interiores'),
('L003', 3141, '102,0', '112,6', 'https://siesa.ipsantarem.pt/esa/cursos_geral.formview?p_cur_sigla=LZOO'),
('L008', 3145, '132,0', '133,2', 'https://siesdrm.ipsantarem.pt/esdrm/cursos_geral.FormView?P_CUR_SIGLA=AFEVS'),
('L009', 3061, '116,0', '114,9', 'http://portal.esac.pt/portal/portal/ingresso/acesso_licenciaturas/acesso_lcfrn'),
('L010', 1502, '153,5', '169,0', 'https://www.belasartes.ulisboa.pt/en/cursos/licenciaturas/ciencias-da-arte-e-do-patrimonio/'),
('L012', 3114, 'Informação não disponível', 'Informação não disponível', 'https://www.ipl.pt/estudar/cursos/licenciaturas/musica-variante-de-composicao-direcao-e-formacao-musical'),
('L015', 3061, '100,9', '109,5', 'http://portal.esac.pt/portal/portal/ingresso/acesso_licenciaturas/acesso_leal'),
('L018', 3065, '113,6', '109,2', 'https://www.ipc.pt/pt/estudar/cursos/21828'),
('L019', 4032, 'Informação não disponível', 'Informação não disponível', 'https://www.ulp.pt/licenciatura/comunicacao-aplicada'),
('L021', 3012, '142,5', '142,0', 'https://www.ua.pt/pt/curso/64'),
('L021', 3054, '119,7', '121,3', 'https://www.ipcb.pt/esgin/ensino/licenciatura-em-gestao-comercial'),
('L021', 4352, 'Informação não disponível', 'Informação não disponível', 'https://www.islasantarem.pt/pt/ensino/cursos/licenciaturas/142-gestao-comercial'),
('L023', 3063, '143,9', '141,4', 'http://www.iscac.pt/index.php?m=4_390&lang=PT');
INSERT INTO `instituicoes_has_curso` (`cursos_ID`, `instituicoes_ID`, `nota_ult_1fase`, `nota_ult_2fase`, `plano_curso`) VALUES
('L024', 3061, '106,0', '107,3', 'http://portal.esac.pt/portal/portal/ingresso/acesso_licenciaturas/acesso_ltga'),
('L029', 3041, '121,4', '112,3', 'http://portal3.ipb.pt/index.php/pt/guiaects/cursos/licenciaturas/curso?cod_escola=3041&cod_curso=9029'),
('L030', 3138, '148,8', '144,4', 'https://www.estg.ipp.pt/cursos/licenciatura/555'),
('L030', 6800, '159,5', '165,0', 'https://www.iscte-iul.pt/curso/99/licenciatura-gestao-industrial-logistica'),
('L033', 3122, '114,5', ' ', 'https://www.ipportalegre.pt/oferta-formativa/tecnologias-de-producao-de-biocombustiveis'),
('L034', 3091, 'Informação não disponível', 'Informação não disponível', 'http://www.esecd.ipg.pt/ensino_licenciatura.aspx?id=25&curso=Desporto,%20Condi%C3%A7%C3%A3o%20F%C3%ADsica%20e%20Sa%C3%BAde'),
('L034', 3145, '134,4', '136,4', 'https://siesdrm.ipsantarem.pt/esdrm/cursos_geral.FormView?P_CUR_SIGLA=LLDCFS'),
('L035', 3117, '134,5', '140,8', 'https://www.iscal.ipl.pt/en/courses/bachelor/bachelor-in-international-business'),
('L036', 4298, 'Informação não disponível', 'Informação não disponível', 'https://www.iseclisboa.pt/index.php/pt/cursos/licenciaturas/lic-optica'),
('L040', 1513, '132,0', '141,0', 'http://www.ie.ulisboa.pt/en/teaching/bachelor-programme-in-education-and-training/study-plan'),
('L041', 150, '112,9', '118,4', 'https://uac.pt/ensino/curso.php?id=4156&l=PT&a=2020/2021&f=FCSH'),
('L042', 400, '114,3', '140,0', 'https://www.ubi.pt/curso/969'),
('L046', 4352, 'Informação não disponível', 'Informação não disponível', 'https://www.islasantarem.pt/pt/ensino/cursos/licenciaturas/141-gestao-de-processos-e-operacoes-empresariais'),
('L047', 604, '120,6', '137,3', 'https://www.uevora.pt/estudar/cursos/licenciaturas?curso=2590'),
('L052', 3118, '140,0', '160,5', 'https://www.isel.pt/cursos/licenciaturas/engenharia-informatica-e-multimedia'),
('L055', 3102, '139,8', '151,2', 'https://www.ipleiria.pt/curso/licenciatura-em-jogos-digitais-e-multimedia/'),
('L056', 3063, '140,2', '135,1', 'http://www.iscac.pt/index.php?m=4_532&lang=PT'),
('L058', 3043, ' ', ' ', 'https://portal3.ipb.pt/index.php/pt/guiaects/cursos/licenciaturas/curso?cod_escola=3043&cod_curso=9602'),
('L060', 4298, 'Informação não disponível', 'Informação não disponível', 'https://www.iseclisboa.pt/index.php/pt/'),
('L061', 4350, 'Informação não disponível', 'Informação não disponível', 'https://www.europeia.pt/oferta-formativa/licenciaturas/licenciaturas/turismo'),
('L063', 4261, 'Informação não disponível', 'Informação não disponível', 'https://www.cespu.pt/ensino/ensino-universitario/cursos-iucs/detalhes-do-programa-de-estudos/?course=ISCLF'),
('L066', 3013, '148,2', '155,8', 'https://www.ua.pt/pt/c/406/p'),
('L066', 4091, 'Informação não disponível', 'Informação não disponível', 'https://www.esscvp.eu/curso/licenciaturas/imagem-medica-e-radioterapia'),
('L066', 4108, 'Informação não disponível', 'Informação não disponível', 'https://www.cespu.pt/ensino/ensino-politecnico/detalhes-do-programa-de-estudos/?course=VAIMR'),
('L066', 4614, 'Informação não disponível', 'Informação não disponível', 'https://www.ipluso.pt/ensino/36-licenciatura-em-enfermagem-1-ciclo'),
('L066', 7020, '137,0', '148,2', 'https://www.ipcb.pt/esald/ensino/licenciatura-em-imagem-medica-e-radioterapia'),
('L066', 7035, '138,5', '146,5', 'https://www.ualg.pt/en/curso/1752'),
('L066', 7210, '144,4', '151,3', 'https://www.ipc.pt/pt/estudar/cursos/20727'),
('L066', 7220, '145,4', '150,4', 'https://www.estesl.ipl.pt/cursos/licenciaturas/imagem-medica-e-radioterapia'),
('L066', 7230, '150,0', '157,5', 'https://www.ipp.pt/ensino/cursos/licenciatura/ess/546'),
('L067', 4108, 'Informação não disponível', 'Informação não disponível', 'https://www.cespu.pt/ensino/ensino-politecnico/detalhes-do-programa-de-estudos/?course=VAFC'),
('L067', 7020, '140,7', '150,4', 'https://www.ipcb.pt/esald/ensino/licenciatura-em-fisiologia-clinica'),
('L067', 7210, '150,8', '155,4', 'https://www.ipc.pt/pt/estudar/cursos/20774'),
('L067', 7220, '151,2', '154,6', 'https://www.estesl.ipl.pt/cursos/licenciaturas/fisiologia-clinica'),
('L067', 7230, '156,5', '161,0', 'https://www.ess.ipp.pt/cursos/licenciatura/545'),
('L068', 4106, 'Informação não disponível', 'Informação não disponível', 'https://www.egasmoniz.com.pt/pt-pt/ensino/essem/cursos/licenciaturas/licenciatura-em-ci%C3%AAncias-biom%C3%A9dicas-laboratoriais.aspx'),
('L068', 4614, 'Informação não disponível', 'Informação não disponível', 'https://www.ipluso.pt/licenciaturas/licenciatura-em-ciencias-biomedicas-laboratorais'),
('L068', 7015, '99,0', '139,3', 'https://portal3.ipb.pt/index.php/pt/guiaects/cursos/licenciaturas/curso?cod_escola=7015&cod_curso=9995'),
('L068', 7020, '134,3', '144,2', 'https://www.ipcb.pt/esald/ensino/licenciatura-em-ciencias-biomedicas-laboratoriais'),
('L068', 7035, '141,9', '150,5', 'https://www.ualg.pt/en/curso/1781'),
('L068', 7210, '155,8', '159,0', 'https://www.ipc.pt/pt/estudar/cursos/20820'),
('L068', 7220, '158,4', '163,5', 'https://www.estesl.ipl.pt/cursos/licenciaturas/ciencias-biomedicas-laboratoriais'),
('L068', 7230, '165,0', '175,0', 'https://www.ess.ipp.pt/cursos/licenciatura/548'),
('L069', 3043, '104,2', '112,3', 'http://portal3.ipb.pt/index.php/pt/guiaects/cursos/licenciaturas/curso?cod_escola=3043&cod_curso=9600'),
('L069', 3152, '124,5', '134,5', 'https://www.estsetubal.ips.pt/cursos/licenciaturas/tb'),
('L070', 3134, '153,5', '149,8', 'https://www.iscap.ipp.pt/cursos/licenciatura/562'),
('L071', 3331, '125,2', '135,2', 'https://www.esmad.ipp.pt/cursos/licenciatura/663'),
('L076', 4350, 'Informação não disponível', 'Informação não disponível', 'https://www.europeia.pt/oferta-formativa/licenciaturas/licenciaturas/ciencias-do-desporto-e-da-actividade-fisica'),
('L077', 4032, 'Informação não disponível', 'Informação não disponível', 'https://www.ulp.pt/licenciaturas/artes-dramaticas-formacao-de-atores'),
('L078', 1000, '167,2', '168,0', 'https://www.direito.uminho.pt/pt/Ensino/Paginas/Licenciatura-em-Criminologia-e-Justi%C3%A7a-Criminal.aspx'),
('L079', 1503, '145,0', '161,0', 'https://fenix.ciencias.ulisboa.pt/degrees/tecnologias-de-informacao-564500436615450'),
('L080', 3141, '101,0', '109,0', 'https://siesa.ipsantarem.pt/esa/cursos_geral.FormView?P_CUR_SIGLA=LNHQA1'),
('L085', 3118, '121,4', '133,5', 'https://www.isel.pt/cursos/licenciaturas/tecnologias-e-gestao-municipal'),
('L086', 150, '106,0', '116,1', 'https://uac.pt/ensino/curso.php?id=4162&l=PT&a=2021/2022&f=FCSH'),
('L088', 3042, ' ', ' ', 'https://portal3.ipb.pt/index.php/pt/guiaects/cursos/licenciaturas/curso?cod_escola=3042&cod_curso=9992'),
('L089', 3135, '146,9', '146,2', 'https://www.isep.ipp.pt/Course/Course/88'),
('L090', 602, '120,2', '96,0', 'https://www.uevora.pt/estudar/cursos/licenciaturas?curso=2321'),
('L091', 3138, '125,3', '129,9', 'https://www.ipp.pt/ensino/cursos/licenciatura/estg/612'),
('L093', 3051, ' ', '113,0', 'https://www.ipcb.pt/esacb/ensino/licenciatura-em-biotecnologia-alimentar'),
('L095', 3062, '129,2', '133,2', 'https://www.ipc.pt/pt/estudar/cursos/24569'),
('L096', 1103, '126,5', '112,5', 'https://sigarra.up.pt/fcup/pt/cur_geral.cur_view?pv_ano_lectivo=2021&pv_curso_id=19941'),
('L096', 1503, '123,0', '141,8', 'https://fenix.ciencias.ulisboa.pt/degrees/engenharia-geoespacial-564500436615267/curriculo'),
('L097', 1506, '137,5', '144,0', 'http://cec.letras.ulisboa.pt/wp-content/uploads/2016/07/estudos-comparatistas2.pdf'),
('L099', 3101, '137,8', '138,6', 'https://www.ipleiria.pt/curso/licenciatura-em-comunicacao-e-media/'),
('L100', 3154, '109,7', '102,0', 'https://www.estbarreiro.ips.pt/cursos/licenciaturas/ltp'),
('L101', 7040, '112,0', '116,4', 'http://www.ipg.pt/website/ensino_licenciatura.aspx?id=22&curso=Biotecnologia%20Medicinal'),
('L101', 7230, '177,5', '178,0', 'https://www.ess.ipp.pt/cursos/licenciatura/558'),
('L104', 3102, ' ', ' ', 'https://www.ipleiria.pt/curso/licenciatura-em-engenharia-eletrotecnica-e-de-computadores/'),
('L105', 2500, 'Informação não disponível', 'Informação não disponível', 'https://www.upt.pt/curso.php?e=1017'),
('L109', 505, '142,5', '148,0', 'https://apps.uc.pt/courses/pt/course/5401'),
('L110', 2100, 'Informação não disponível', 'Informação não disponível', 'https://autonoma.pt/cursos/engenharia-eletronica-e-de-telecomunicacoes/'),
('L111', 4126, 'Informação não disponível', 'Informação não disponível', 'https://www.euvg.pt/index.php?option=com_content&view=article&id=456&Itemid=127&lang=pt'),
('L112', 1000, '117,8', '119,2', 'https://www.ics.uminho.pt/pt/Estudar/Licenciaturas/PCGT/Paginas/Plano-de-Estudos.aspx'),
('L114', 2710, 'Informação não disponível', 'Informação não disponível', 'https://www.uatlantica.pt/pdfs/plano_de_estudos_licenciaturas/2016_04_05_Atlantica_PDF_Plano_ENG_EngenhariaAeronauticaA4.pdf'),
('L116', 3186, '109,0', '115,9', 'http://www1.estgl.ipv.pt/arquivo/avada_portfolio/secretariado-de-administracao'),
('L117', 3118, '133,6', '147,4', 'https://www.isel.pt/cursos/licenciaturas/matematica-aplicada-a-tecnologia-e-a-empresa'),
('L118', 7105, '130,8', '144,9', 'https://www.enautica.pt/pt/cursos-4/licenciaturas-9/'),
('L119', 2800, 'Informação não disponível', 'Informação não disponível', 'https://www.ulusofona.pt/licenciatura/engenharia-informatica-redes-e-telecomunicacoes'),
('L119', 3118, '141,6', '158,8', 'https://www.isel.pt/cursos/licenciaturas/engenharia-informatica-redes-e-telecomunicacoes'),
('L120', 4271, 'Informação não disponível', 'Informação não disponível', 'https://www.iscedouro.pt/pt/Oferta-formativa/1-%C2%BA-Ciclo-Licenciaturas/Producao-de-Conteudos-Interativos-e-Multimedia/'),
('L121', 140, '123,6', '106,3', 'https://uac.pt/ensino/curso.php?id=4191&l=PT&a=2020/2021&f=FCAA'),
('L122', 3162, '122,9', '124,4', 'https://www.ipvc.pt/en/cursos/artes-plasticas-e-tecnologias-artisticas/'),
('L123', 203, '113,7', '106,0', 'https://www.ualg.pt/en/curso/1827'),
('L124', 3152, '108,7', '123,8', 'https://www.estsetubal.ips.pt/cursos/licenciaturas/tam'),
('L125', 4350, 'Informação não disponível', 'Informação não disponível', 'https://www.iade.europeia.pt/pt-pt/cursos/licenciaturas/licenciaturas-globais/design-global'),
('L127', 3103, '116,1', '112,2', 'https://www.ipleiria.pt/curso/licenciatura-em-programacao-e-producao-cultural/'),
('L130', 3142, '106,0', '113,6', 'https://siese.ipsantarem.pt/ese/cursos_geral.FormView?P_CUR_SIGLA=LEATN'),
('L131', 3105, '112,3', '110,8', 'https://www.ipleiria.pt/curso/licenciatura-em-restauracao-e-catering/'),
('L131', 3139, '137,0', '135,0', 'https://www.esht.ipp.pt/cursos/licenciatura/427'),
('L133', 3064, '115,5', '111,6', 'https://www.isec.pt/PT/estudar/licenciaturas/EngBiomedica/'),
('L134', 3112, '124,0', '132,5', 'https://www.eselx.ipl.pt/curso/licenciatura/mediacao-artistica-e-cultural/plano-de-estudos'),
('L135', 3014, '111,9', '107,0', 'https://www.ua.pt/pt/curso/427'),
('L136', 4089, 'Informação não disponível', 'Informação não disponível', 'https://www.essnortecvp.pt/pt/cursos/osteopatia/'),
('L136', 4091, 'Informação não disponível', 'Informação não disponível', 'https://www.esscvp.eu/curso/licenciaturas/osteopatia'),
('L136', 4108, 'Informação não disponível', 'Informação não disponível', 'https://www.cespu.pt/ensino/ensino-politecnico/detalhes-do-programa-de-estudos/?course=VAOST'),
('L136', 4590, 'Informação não disponível', 'Informação não disponível', 'https://www.essatla.pt/course/curso-de-formacao-superior-licenciatura-em-osteopatia/'),
('L136', 4603, 'Informação não disponível', 'Informação não disponível', 'https://ipiaget.org/'),
('L136', 4614, 'Informação não disponível', 'Informação não disponível', 'https://www.ipluso.pt/erisa-escola-superior-de-saude-ribeiro-sanches'),
('L136', 7230, '141,8', '143,0', 'https://www.ess.ipp.pt/cursos/licenciatura/640'),
('L137', 4582, 'Informação não disponível', 'Informação não disponível', 'https://www.ipmaia.pt/pt/ensino/oferta-formativa/licenciaturas/tecnologias-informacao-web-multimedia'),
('L138', 3014, '146,2', '142,0', 'https://www.ua.pt/pt/curso/46'),
('L140', 3012, '123,6', '136,9', 'https://www.ua.pt/pt/curso/65'),
('L140', 3031, '138,6', '143,4', 'https://esg.ipca.pt/curso/gestao-publica-ensino-a-distancia/'),
('L142', 3242, '132,4', ' ', 'http://portal2.ipt.pt/pt/Cursos/TMET/L_-_TQ/'),
('L143', 3243, '121,2', '122,8', 'http://portal2.ipt.pt/pt/cursos/Licenciaturas/L_-_ITM/'),
('L144', 2800, 'Informação não disponível', 'Informação não disponível', 'https://www.ulusofona.pt/licenciatura/ciencias-da-educacao-educacao-social'),
('L145', 1506, '154,5', '153,5', 'https://www.ulisboa.pt/curso/licenciatura/estudos-de-cultura-e-comunicacao'),
('L146', 3065, '126,2', '118,0', 'https://www.ipc.pt/pt/estudar/cursos/21903'),
('L147', 1000, '158,8', '162,2', 'https://www.ilch.uminho.pt/pt/Ensino/Paginas/Licenciatura-em-Estudos-Orientais-Estudos-Chineses-e-Japoneses.aspx'),
('L148', 4032, 'Informação não disponível', 'Informação não disponível', 'https://www.ulusofona.pt/bachelor/aplicacoes-multimedia-e-videojogos'),
('L149', 2270, 'Informação não disponível', 'Informação não disponível', 'https://www.clsbe.lisboa.ucp.pt/pt-pt/licenciaturas/programs/licenciaturas/administracao-e-gestao-de-empresas'),
('L150', 1306, '110,6', '120,6', 'https://www.uma.pt/ensino/1o-ciclo/licenciatura-em-estudos-de-cultura/'),
('L152', 2270, 'Informação não disponível', 'Informação não disponível', 'https://www.ucp.pt/pt-pt/economia-e-financas-licenciatura-internacional'),
('L153', 3163, '108,6', '114,9', 'https://www.ipvc.pt/estg/en/courses/engenharia-de-redes-e-sistemas-de-computadores/'),
('L154', 3181, '109,0', '139,7', 'https://www.esev.ipv.pt/Cursos/apresentacao.aspx?value=41'),
('L155', 3064, '118,6', '130,0', 'https://www.isec.pt/PT/estudar/licenciaturas/GestaoSustentaveldasCidades/'),
('L156', 4260, 'Informação não disponível', 'Informação não disponível', 'https://www.egasmoniz.com.pt/pt-pt/ensino/iuem/cursos/licenciaturas-e-mestrados-integrados/licenciatura-em-sa%C3%BAde-e-estat%C3%ADstica.aspx'),
('L157', 3021, ' ', ' ', 'https://www.ipbeja.pt/cursos/esa-cbio/Paginas/default.aspx'),
('L158', 3055, '137,4', '133,4', 'https://www.ipcb.pt/esart/ensino/licenciatura-em-design-de-comunicao-e-audiovisual'),
('L159', 4582, 'Informação não disponível', 'Informação não disponível', 'https://www.ipmaia.pt/pt/ensino/oferta-formativa/licenciaturas/gestao-manutencao-seguranca-industrial'),
('L160', 4089, 'Informação não disponível', 'Informação não disponível', 'https://www.essnortecvp.pt/'),
('L160', 4614, 'Informação não disponível', 'Informação não disponível', 'https://www.ipluso.pt/pt/9-erisa-pt/33-ctesp-cursos-tecnicos-superiores-profissionais.html'),
('L160', 4626, 'Informação não disponível', 'Informação não disponível', 'https://ipiaget.org/escola-superior-de-saude-vila-nova-de-gaia/'),
('L161', 7220, '143,4', '150,8', 'https://www.estesl.ipl.pt/cursos/licenciaturas/ortoptica-e-ciencias-da-visao'),
('L162', 1518, '170,3', '170,0', 'https://tecnico.ulisboa.pt/pt/ensino/cursos/licenciaturas/engenharia-naval-e-oceanica/'),
('L163', 3062, 'Informação não disponível', 'Informação não disponível', 'https://www.ipc.pt/ipc/oferta-formativa/licenciatura-em-estudos-musicais-aplicados/'),
('L164', 3161, ' ', ' ', 'https://www.ipvc.pt/en/cursos/engenharia-do-ambiente-e-geoinformatica/'),
('L165', 2800, 'Informação não disponível', 'Informação não disponível', 'https://www.ulusofona.pt/licenciatura/videojogos'),
('L166', 4582, 'Informação não disponível', 'Informação não disponível', 'https://www.ipmaia.pt/pt/ensino/oferta-formativa/licenciaturas/negocios-comercio-internacional'),
('L167', 903, '171,4', '180,2', 'https://www.fct.unl.pt/ensino/curso/licenciatura-em-matematica-aplicada-gestao-do-risco'),
('L169', 3141, '115,0', ' ', 'https://siesa.ipsantarem.pt/esa/cursos_geral.FormView?P_CUR_SIGLA=LTGA'),
('L170', 4069, 'Informação não disponível', 'Informação não disponível', 'https://esad.pt/pt/cursos/licenciatura/artes-digitais-e-multimedia'),
('L171', 3122, '145,8', '142,7', 'https://www.ipportalegre.pt/oferta-formativa/design-de-animacao-e-multimedia'),
('L173', 604, 'Informação não disponível', 'Informação não disponível', 'https://www.uevora.pt/estudar/cursos/licenciaturas?curso=2528'),
('L174', 4581, 'Informação não disponível', 'Informação não disponível', 'https://www.ipmaia.pt/pt/ensino/oferta-formativa/licenciaturas/desporto-condicao-fisica'),
('L175', 3042, '140,2', '134,6', 'http://portal3.ipb.pt/index.php/pt/guiaects/cursos/licenciaturas/curso?cod_escola=3042&cod_curso=9175'),
('L177', 3243, '110,9', '118,0', 'http://portal2.ipt.pt/pt/cursos/Licenciaturas/L_-_CD/'),
('L178', 3061, '107,1', '98,0', 'http://portal.esac.pt/portal/portal/ingresso/acesso_licenciaturas/acesso_ltern'),
('L179', 3142, '124,0', '104,4', 'https://siese.ipsantarem.pt/ese/cursos_geral.FormView?P_CUR_SIGLA=LPME'),
('L180', 4582, 'Informação não disponível', 'Informação não disponível', 'https://www.ipmaia.pt/pt/ensino/oferta-formativa/licenciaturas/desenvolvimento-jogos-digitais'),
('L181', 3032, '117,5', '138,9', 'https://est.ipca.pt/curso/engenharia-informatica-medica/'),
('L182', 4025, 'Informação não disponível', 'Informação não disponível', 'https://esg.pt/oferta-formativa/multimedia-e-artes/'),
('L183', 4350, 'Informação não disponível', 'Informação não disponível', 'https://www.iade.europeia.pt/cursos/licenciaturas/licenciaturas-globais/creative-technologies'),
('L183', 4375, 'Informação não disponível', 'Informação não disponível', 'https://www.ismat.pt/ensino/licenciaturas/licenciatura-em-tecnologias-criativas.html'),
('L184', 3055, 'Informação não disponível', 'Informação não disponível', 'https://www.ipcb.pt/esart/ensino/licenciatura-em-msica-variante-de-formao-musical-direo-coral-e-instrumental'),
('L185', 4500, 'Informação não disponível', 'Informação não disponível', 'https://ismt.pt/hplano-de-estudos-iv-empreendedorismo'),
('L186', 3242, ' ', '139,0', 'http://portal2.ipt.pt/pt/cursos/licenciaturas/l_-_geo/Plano_curricular/'),
('L186', 4020, 'Informação não disponível', 'Informação não disponível', 'https://esai.pt/lgeo/al-2122/'),
('L187', 300, '139,4', '140,0', 'https://www.ua.pt/pt/curso/452'),
('L188', 906, 'Informação não disponível', 'Informação não disponível', 'https://www.novaims.unl.pt/licenciaturas-acesso-ao-estudante-internacional-licenciaturas-nova-ims-plano-de-estudos-lcd'),
('L188', 4375, 'Informação não disponível', 'Informação não disponível', 'https://www.ismat.pt/ensino/licenciaturas/licenciatura-em-ciencia-de-dados.html'),
('L188', 6800, '154,2', '163,2', 'https://www.iscte-iul.pt/curso/291/licenciatura-ciencia-de-dados'),
('L189', 6800, '143,0', '159,4', 'https://www.iscte-iul.pt/curso/291/licenciatura-ciencia-de-dados'),
('L190', 4292, 'Informação não disponível', 'Informação não disponível', 'http://www.isdom.pt/licenciaturas/gestao-industrial-e-inovacao-tecnologica'),
('L191', 2400, 'Informação não disponível', 'Informação não disponível', 'http://sv.lis.ulusiada.pt/DocsPDF/p_V2032_2020.pdf'),
('L191', 4300, 'Informação não disponível', 'Informação não disponível', 'https://www.isg.pt/home/oferta-formativa/licenciaturas/gestao-do-turismo/'),
('L191', 4375, 'Informação não disponível', 'Informação não disponível', 'https://www.ismat.pt/ensino/licenciaturas/licenciatura-em-gestao-do-turismo.html'),
('L191', 4571, 'Informação não disponível', 'Informação não disponível', 'https://www.islagaia.pt/pt/ensino/licenciaturas/781-gestao-do-turismo.html'),
('L192', 501, '110,0', '113,8', 'https://apps.uc.pt/courses/PT/course/8502'),
('L193', 1203, '102,8', '111,4', 'https://www.utad.pt/estudar/en/cursos/matematica-aplicada-e-ciencia-de-dados/'),
('L194', 3012, '127,3', '111,9', 'https://www.ua.pt/pt/curso/465'),
('L195', 7711, 'Informação não disponível', 'Informação não disponível', 'https://academiamilitar.pt/images/site_images/Avaliacao_e_Qualidade/Planos_de_Estudos/4.1_LICENCIATURA_EM_CI%C3%8ANCIAS_MILITARES_NO_RAMO_DE_ADMINISTRA%C3%87%C3%83O_Desp._8899_2020.pdf'),
('L196', 3092, ' ', '111,3', 'http://www.ipg.pt/website/ensino_licenciatura.aspx?id=23&curso=Mec%C3%A2nica%20e%20Inform%C3%A1tica%20Industrial'),
('L197', 2710, 'Informação não disponível', 'Informação não disponível', 'https://www.uatlantica.pt/index.php/course/licenciatura-em-gestao-do-transporte-aereo/'),
('L198', 2220, 'Informação não disponível', 'Informação não disponível', 'https://www.ucp.pt/pt-pt/filosofia-politica-e-economia'),
('L200', 2710, 'Informação não disponível', 'Informação não disponível', 'https://www.uatlantica.pt/index.php/course/licenciatura-em-gestao-da-seguranca-emergencia-e-proteccao-civil/'),
('L201', 7710, 'Informação não disponível', 'Informação não disponível', 'http://escolanaval.marinha.pt/pt/ensino'),
('L204', 1503, '173,8', '182,3', 'https://fenix.ciencias.ulisboa.pt/degrees/engenharia-biomedica-e-biofisica-564500436615261'),
('L205', 400, '127,7', ' ', 'https://www.ubi.pt/Curso/1097'),
('L206', 7712, 'Informação não disponível', 'Informação não disponível', 'https://www.academiafa.edu.pt/p-496-admaer'),
('L207', 3241, '112,3', '106,5', 'http://portal2.ipt.pt/pt/cursos/licenciaturas/l_-_tgpc/Plano_curricular/'),
('L208', 1307, ' ', ' ', 'https://www.uma.pt/sobre/faculdades-e-escolas/ciencias-exatas-e-da-engenharia/'),
('L209', 300, 'Informação não disponível', 'Informação não disponível', 'https://www.ua.pt/pt/curso/480'),
('L209', 501, '119,5', '142,0', 'https://apps.uc.pt/courses/PT/course/8922'),
('L209', 903, '142,2', '145,2', 'https://www.fct.unl.pt/ensino/curso/mestrado-integrado-em-engenharia-eletrotecnica-e-de-computadores'),
('L209', 1105, '166,0', '166,3', 'https://paginas.fe.up.pt/~estudar/cursos/licenciatura-engenharia-eletrotecnica/'),
('L209', 1203, '117,9', '126,4', 'https://www.utad.pt/estudar/en/cursos/electrical-and-computing-engineering/'),
('L209', 1518, '164,5', '167,0', 'https://tecnico.ulisboa.pt/pt/ensino/cursos/licenciaturas/engenharia-eletrotecnica-e-de-computadores/'),
('L209', 3083, '165,6', '117,2', 'https://www.ualg.pt/curso/1524'),
('L210', 4350, 'Informação não disponível', 'Informação não disponível', 'https://www.iade.europeia.pt/cursos/licenciaturas/licenciaturas/games-development'),
('L214', 1503, '127,0', '122,3', 'https://fenix.ciencias.ulisboa.pt/degrees/leea'),
('L215', 1000, '145,2', '157,8', 'https://www.uminho.pt/pt/_layouts/15/uminho.portalum.ui/pages/catalogocursodetail.aspx?cid=t000049&catid=5'),
('L216', 7710, 'Informação não disponível', 'Informação não disponível', 'https://www.a3es.pt/pt/resultados-acreditacao/ciencias-militares-navais-ramo-de-engenharia-naval'),
('L217', 300, 'Informação não disponível', 'Informação não disponível', 'https://www.ua.pt/pt/curso/486'),
('L218', 1000, '146,2', '148,4', 'https://www.uminho.pt/en/_layouts/15/uminho.portalum.ui/pages/catalogocursodetail.aspx?cid=1204012&catid=5'),
('L219', 7712, 'Informação não disponível', 'Informação não disponível', 'https://www.academiafa.edu.pt/p-498-engaer'),
('L220', 4350, 'Informação não disponível', 'Informação não disponível', 'https://www.iade.europeia.pt/cursos/licenciaturas/licenciaturas/animacao-criacao-visual'),
('L221', 300, 'Informação não disponível', 'Informação não disponível', 'https://www.ua.pt/pt/curso/514'),
('L221', 1518, '191,3', '192,0', 'https://tecnico.ulisboa.pt/pt/ensino/cursos/licenciaturas/engenharia-aeroespacial/'),
('L222', 7711, 'Informação não disponível', 'Informação não disponível', 'https://academiamilitar.pt/curso-de-engenharia-mecanica-militar.html'),
('L223', 300, '127,3', '140,8', 'https://www.ua.pt/pt/curso/477'),
('L224', 1105, '183,0', '183,8', 'https://sigarra.up.pt/feup/pt/cur_geral.cur_view?pv_ano_lectivo=2021&pv_curso_id=22841'),
('L225', 4292, 'Informação não disponível', 'Informação não disponível', 'http://www.isdom.pt/licenciaturas/62-engenharia-e-gestao-da-producao-de-moldes'),
('L226', 3065, 'Informação não disponível', 'Informação não disponível', 'https://www.ipc.pt/pt/estudar/cursos/24624'),
('L227', 1103, 'Informação não disponível', 'Informação não disponível', 'https://www.fc.up.pt/tec.edu/liacd/en/'),
('L228', 7711, 'Informação não disponível', 'Informação não disponível', 'https://academiamilitar.pt/curso-de-engenharia-militar.html'),
('L229', 1000, '132,8', '150,8', 'https://www.uminho.pt/pt/ensino/oferta-educativa/_layouts/15/uminho.portalum.ui/pages/catalogocursodetail.aspx?itemid=2815&catid=8'),
('L230', 2800, 'Informação não disponível', 'Informação não disponível', 'https://www.ulusofona.pt/licenciaturas/design-e-producao-de-moda'),
('L231', 903, '151,4', '152,2', 'https://www.fct.unl.pt/ensino/curso/licenciatura-em-engenharia-de-micro-e-nanotecnologias'),
('L232', 4582, 'Informação não disponível', 'Informação não disponível', 'https://www.ipmaia.pt/pt/ensino/oferta-formativa/licenciaturas/producao-digital-comunicacao-marca'),
('L233', 1518, '191,3', '191,3', 'https://tecnico.ulisboa.pt/pt/ensino/cursos/licenciaturas/engenharia-fisica-tecnologica/'),
('L234', 4115, 'Informação não disponível', 'Informação não disponível', 'https://www.iesfafe.pt/index.php?option=com_content&view=section&id=3&layout=blog&Itemid=6&lang=pt'),
('L235', 2240, 'Informação não disponível', 'Informação não disponível', 'https://ft.ucp.pt/'),
('L236', 1105, 'Informação não disponível', 'Informação não disponível', 'https://sigarra.up.pt/feup/pt/cur_geral.cur_view?pv_curso_id=738'),
('L237', 1201, 'Informação não disponível', 'Informação não disponível', 'https://www.utad.pt/estudar/cursos/engenharia-e-biotecnologia-florestal/'),
('L238', 7711, 'Informação não disponível', 'Informação não disponível', 'https://academiamilitar.pt/curso-de-engenharia-eletrotecnica-militar-na-especialidade-de-transmissoes.html'),
('L239', 1518, 'Informação não disponível', 'Informação não disponível', 'https://tecnico.ulisboa.pt/pt/ensino/cursos/licenciaturas/engenharia-de-minas-e-recursos-energeticos/'),
('L240', 3132, 'Informação não disponível', 'Informação não disponível', 'https://www.ipp.pt/ensino/cursos/licenciatura/esmae/40001772'),
('L241', 3132, 'Informação não disponível', 'Informação não disponível', 'https://www.esmae.ipp.pt/cursos/licenciatura/40001581'),
('L242', 4612, 'Informação não disponível', 'Informação não disponível', 'https://www.ipluso.pt/escad-escola-superior-de-ciencias-da-administracao'),
('L243', 7530, 'Informação não disponível', 'Informação não disponível', 'http://www.iscpsi.pt/OInstituto/Competencias/Documents/PA%20ISCPSI%202020%20%281%29.pdf'),
('L244', 4612, 'Informação não disponível', 'Informação não disponível', 'https://www.ipluso.pt/licenciaturas/licenciatura-em-ilustracao-e-desenho');

-- --------------------------------------------------------

--
-- Estrutura da tabela `tipos_curso`
--

DROP TABLE IF EXISTS `tipos_curso`;
CREATE TABLE IF NOT EXISTS `tipos_curso` (
  `ID` int(2) NOT NULL,
  `nome` varchar(45) DEFAULT NULL,
  PRIMARY KEY (`ID`)
) ENGINE=InnoDB DEFAULT CHARSET=utf8;

--
-- Extraindo dados da tabela `tipos_curso`
--

INSERT INTO `tipos_curso` (`ID`, `nome`) VALUES
(1, 'CTeSP'),
(2, 'Licenciatura'),
(3, 'Mestrado'),
(4, 'Doutoramento');

-- --------------------------------------------------------

--
-- Estrutura da tabela `tipos_ensino`
--

DROP TABLE IF EXISTS `tipos_ensino`;
CREATE TABLE IF NOT EXISTS `tipos_ensino` (
  `ID` int(2) NOT NULL,
  `nome` varchar(45) DEFAULT NULL,
  PRIMARY KEY (`ID`)
) ENGINE=InnoDB DEFAULT CHARSET=utf8;

--
-- Extraindo dados da tabela `tipos_ensino`
--

INSERT INTO `tipos_ensino` (`ID`, `nome`) VALUES
(11, 'Ensino Superior Público Universitário'),
(12, 'Ensino Superior Público Politécnico'),
(13, 'Ensino Superior Público Militar e Policial'),
(21, 'Ensino Superior Privado Universitário'),
(22, 'Ensino Superior Privado Universitário');

--
-- Restrições para despejos de tabelas
--

--
-- Limitadores para a tabela `cidades`
--
ALTER TABLE `cidades`
  ADD CONSTRAINT `fk_cidades_distritos1` FOREIGN KEY (`distritos_ID`) REFERENCES `distritos` (`ID`) ON DELETE NO ACTION ON UPDATE NO ACTION;

--
-- Limitadores para a tabela `codigos_postais`
--
ALTER TABLE `codigos_postais`
  ADD CONSTRAINT `fk_codigos_postais_cidades1` FOREIGN KEY (`cidades_nome`) REFERENCES `cidades` (`nome`) ON DELETE NO ACTION ON UPDATE NO ACTION;

--
-- Limitadores para a tabela `cursos`
--
ALTER TABLE `cursos`
  ADD CONSTRAINT `fk_cursos_area_curso` FOREIGN KEY (`area_curso_ID`) REFERENCES `area_estudo` (`ID`) ON DELETE NO ACTION ON UPDATE NO ACTION;

--
-- Limitadores para a tabela `instituicoes`
--
ALTER TABLE `instituicoes`
  ADD CONSTRAINT `fk_instituicoes_tipos_ensino1` FOREIGN KEY (`tipos_ensino_ID`) REFERENCES `tipos_ensino` (`ID`) ON DELETE NO ACTION ON UPDATE NO ACTION;

--
-- Limitadores para a tabela `instituicoes_has_curso`
--
ALTER TABLE `instituicoes_has_curso`
  ADD CONSTRAINT `fk_instituicoes_has_curso_instituicoes1` FOREIGN KEY (`instituicoes_ID`) REFERENCES `instituicoes` (`ID`) ON DELETE NO ACTION ON UPDATE NO ACTION,
  ADD CONSTRAINT `instituicoes_has_curso_ibfk_1` FOREIGN KEY (`cursos_ID`) REFERENCES `cursos` (`ID`) ON DELETE NO ACTION ON UPDATE NO ACTION;
COMMIT;

/*!40101 SET CHARACTER_SET_CLIENT=@OLD_CHARACTER_SET_CLIENT */;
/*!40101 SET CHARACTER_SET_RESULTS=@OLD_CHARACTER_SET_RESULTS */;
/*!40101 SET COLLATION_CONNECTION=@OLD_COLLATION_CONNECTION */;
